"";"name_muni";"abbrev_state";"26/03/2024";"01/04/2024";"05/04/2024";"08/04/2024";"09/04/2024";"10/04/2024";"12/04/2024";"15/04/2024";"16/04/2024";"17/04/2024";"18/04/2024";"19/04/2024";"22/04/2024";"23/04/2024";"24/04/2024";"25/04/2024";"26/04/2024";"29/04/2024";"30/04/2024";"02/05/2024";"03/05/2024";"06/05/2024";"07/05/2024";"08/05/2024";"code_muni"
"1";"ACEGUA";"RS";NA;NA;NA;NA;NA;NA;NA;NA;"300000";NA;NA;NA;NA;"100000";NA;NA;NA;NA;NA;NA;NA;NA;NA;"323812";4300034
"2";"AGUASANTA";"RS";NA;NA;NA;NA;NA;NA;NA;NA;NA;"238750";NA;NA;"400000";NA;NA;NA;NA;NA;NA;NA;NA;NA;NA;NA;4300059
"3";"AGUDO";"RS";NA;NA;NA;"238750";NA;NA;NA;NA;NA;NA;NA;NA;NA;"600000";NA;NA;NA;NA;NA;NA;NA;NA;NA;NA;4300109
"4";"AJURICABA";"RS";NA;NA;NA;NA;NA;NA;NA;NA;NA;NA;NA;NA;NA;NA;"100000";NA;NA;NA;NA;NA;NA;NA;NA;NA;4300208
"5";"ALECRIM";"RS";NA;NA;NA;NA;NA;NA;NA;NA;NA;NA;NA;NA;NA;NA;"720000";NA;NA;NA;NA;NA;NA;NA;NA;"84388";4300307
"6";"ALEGRETE";"RS";NA;NA;NA;NA;NA;NA;NA;NA;NA;NA;NA;NA;NA;NA;"400000";NA;NA;NA;"300000";"100000";NA;NA;NA;NA;4300406
"7";"ALTOALEGRE";"RS";NA;NA;NA;NA;NA;NA;NA;NA;"100000";"238750";NA;NA;"150000";NA;NA;NA;NA;NA;NA;NA;NA;NA;NA;NA;4300554
"8";"ALTOFELIZ";"RS";NA;NA;NA;NA;NA;NA;NA;NA;NA;NA;NA;NA;NA;NA;"594000";NA;NA;NA;NA;NA;NA;NA;NA;NA;4300570
"9";"ALVORADA";"RS";NA;NA;NA;NA;NA;NA;NA;NA;NA;NA;NA;NA;NA;NA;"600000";NA;NA;NA;"250000";NA;NA;"150000";NA;NA;4300604
"10";"AMARALFERRADOR";"RS";NA;NA;NA;NA;NA;NA;NA;NA;"400000";NA;NA;NA;NA;NA;NA;NA;NA;NA;NA;NA;NA;NA;NA;NA;4300638
"11";"AMETISTADOSUL";"RS";NA;NA;NA;NA;NA;NA;NA;NA;"100000";NA;NA;NA;"200000";"600000";NA;NA;NA;NA;NA;NA;NA;NA;NA;"250000";4300646
"12";"ANTAGORDA";"RS";NA;NA;NA;NA;NA;NA;NA;NA;"200000";NA;NA;NA;NA;"150000";NA;NA;NA;NA;NA;NA;NA;NA;NA;NA;4300703
"13";"ANTONIOPRADO";"RS";NA;NA;NA;NA;NA;NA;NA;NA;"800000";NA;NA;NA;NA;NA;NA;NA;NA;NA;NA;NA;NA;NA;NA;NA;4300802
"14";"ARAMBARE";"RS";NA;NA;NA;NA;NA;NA;NA;NA;NA;NA;NA;NA;NA;"100000";NA;NA;NA;NA;NA;NA;NA;NA;NA;"484040";4300851
"15";"ARARICA";"RS";NA;NA;NA;"238750";NA;NA;NA;NA;"50000";NA;NA;NA;"130000";"587000";NA;NA;NA;NA;NA;NA;NA;NA;NA;"134951";4300877
"16";"ARATIBA";"RS";NA;NA;NA;NA;NA;NA;NA;NA;NA;NA;NA;NA;NA;NA;"200000";"100000";NA;NA;NA;NA;NA;NA;NA;NA;4300901
"17";"ARROIODOMEIO";"RS";NA;NA;NA;NA;NA;NA;NA;NA;"300000";NA;NA;NA;"100000";"600000";"150000";NA;NA;NA;NA;NA;NA;NA;NA;NA;4301008
"18";"ARROIODOPADRE";"RS";NA;NA;NA;NA;NA;NA;NA;NA;NA;NA;NA;NA;NA;NA;NA;NA;NA;NA;NA;NA;NA;NA;NA;"200000";4301073
"19";"ARROIODOSAL";"RS";NA;NA;NA;NA;NA;NA;NA;NA;NA;"191000";NA;NA;"300000";NA;NA;NA;NA;NA;NA;NA;NA;NA;NA;NA;4301057
"20";"ARROIODOSRATOS";"RS";NA;NA;NA;NA;NA;NA;NA;NA;"450000";NA;NA;NA;"100000";"400000";NA;NA;NA;NA;NA;NA;NA;NA;NA;NA;4301107
"21";"ARROIODOTIGRE";"RS";NA;NA;NA;NA;NA;NA;NA;NA;NA;NA;NA;NA;"450000";NA;NA;NA;NA;NA;"100000";NA;NA;NA;NA;"304800";4301206
"22";"ARROIOGRANDE";"RS";NA;NA;NA;NA;NA;NA;NA;NA;NA;NA;NA;NA;NA;"250000";NA;NA;NA;NA;NA;NA;NA;NA;NA;"519696";4301305
"23";"ARVOREZINHA";"RS";NA;NA;NA;NA;NA;NA;NA;NA;NA;NA;NA;NA;"50000";"350000";NA;NA;NA;NA;NA;NA;"413275";NA;NA;"239258";4301404
"24";"AUGUSTOPESTANA";"RS";NA;NA;NA;NA;NA;NA;NA;"100000";NA;NA;NA;NA;NA;"100000";NA;"100000";NA;NA;NA;NA;NA;NA;NA;NA;4301503
"25";"AUREA";"RS";NA;NA;NA;NA;NA;NA;NA;NA;"884767";NA;NA;NA;NA;NA;NA;NA;NA;NA;NA;NA;NA;NA;NA;NA;4301552
"26";"BAGE";"RS";NA;NA;NA;NA;NA;NA;NA;NA;"570000";NA;NA;NA;NA;"2550000";NA;NA;"100000";NA;NA;NA;"384205";NA;NA;"83953";4301602
"27";"BALNEARIOPINHAL";"RS";NA;NA;NA;NA;NA;NA;NA;NA;NA;NA;NA;NA;NA;NA;"700000";NA;NA;NA;"150000";NA;NA;NA;NA;"351101";4301636
"28";"BARAO";"RS";NA;NA;NA;NA;NA;NA;NA;NA;"200000";NA;NA;NA;NA;"850000";NA;NA;NA;NA;NA;NA;NA;NA;NA;"304800";4301651
"29";"BARAODECOTEGIPE";"RS";NA;NA;NA;NA;NA;"50000";NA;NA;"500000";NA;NA;NA;NA;NA;NA;NA;NA;NA;NA;NA;NA;NA;NA;NA;4301701
"30";"BARAODOTRIUNFO";"RS";NA;NA;NA;NA;NA;NA;NA;NA;"150000";NA;NA;NA;NA;NA;NA;NA;NA;NA;NA;NA;NA;NA;NA;"85000";4301750
"31";"BARRACAO";"RS";NA;NA;NA;NA;NA;NA;NA;NA;NA;NA;NA;NA;NA;NA;"400000";NA;NA;NA;NA;NA;NA;NA;NA;NA;4301800
"32";"BARRADOGUARITA";"RS";NA;NA;NA;NA;NA;NA;NA;NA;"290000";NA;NA;NA;NA;NA;NA;NA;NA;NA;NA;NA;NA;NA;NA;NA;4301859
"33";"BARRADOQUARAI";"RS";NA;NA;NA;NA;NA;NA;NA;NA;NA;NA;NA;NA;NA;NA;"100000";NA;NA;NA;NA;NA;NA;NA;NA;NA;4301875
"34";"BARRADORIBEIRO";"RS";NA;NA;NA;NA;"238750";NA;NA;NA;NA;NA;NA;NA;"420000";NA;NA;NA;"100000";NA;NA;NA;NA;NA;NA;"404529";4301909
"35";"BARRADORIOAZUL";"RS";NA;NA;NA;NA;NA;NA;NA;NA;NA;NA;NA;NA;NA;NA;"600000";NA;NA;NA;NA;NA;NA;NA;NA;"249869";4301925
"36";"BARRAFUNDA";"RS";NA;NA;NA;NA;NA;NA;NA;NA;"350000";NA;NA;NA;NA;NA;NA;NA;NA;NA;NA;NA;NA;NA;NA;NA;4301958
"37";"BARROSCASSAL";"RS";NA;NA;NA;NA;NA;NA;NA;NA;NA;NA;NA;NA;"180000";"200000";NA;NA;NA;NA;NA;NA;"238750";NA;NA;"481104";4302006
"38";"BENJAMINCONSTANTDOSUL";"RS";NA;NA;NA;NA;NA;NA;NA;NA;NA;NA;NA;NA;NA;NA;"527657";NA;NA;NA;NA;NA;NA;NA;NA;NA;4302055
"39";"BENTOGONCALVES";"RS";NA;NA;NA;NA;NA;NA;NA;NA;"200000";NA;NA;NA;"550000";"2450000";NA;NA;NA;"100000";"585793";NA;NA;NA;NA;NA;4302105
"40";"BOAVISTADASMISSOES";"RS";NA;NA;NA;NA;NA;NA;NA;NA;"100000";NA;NA;NA;NA;NA;NA;NA;NA;NA;NA;NA;NA;NA;NA;NA;4302154
"41";"BOAVISTADOBURICA";"RS";NA;NA;NA;NA;NA;NA;NA;NA;"450000";NA;NA;NA;NA;NA;NA;NA;NA;NA;NA;NA;NA;NA;NA;NA;4302204
"42";"BOAVISTADOCADEADO";"RS";NA;NA;NA;NA;NA;NA;NA;NA;NA;NA;NA;NA;NA;NA;NA;NA;NA;NA;NA;NA;NA;NA;NA;"392287";4302220
"43";"BOAVISTADOINCRA";"RS";NA;NA;NA;NA;NA;NA;NA;NA;NA;NA;NA;NA;NA;NA;"250000";NA;NA;NA;NA;NA;NA;NA;NA;"99945";4302238
"44";"BOAVISTADOSUL";"RS";NA;NA;NA;NA;NA;NA;NA;NA;NA;NA;NA;NA;NA;NA;"115000";NA;NA;NA;NA;NA;NA;NA;NA;"180000";4302253
"45";"BOMJESUS";"RS";NA;NA;NA;NA;NA;NA;NA;NA;NA;NA;NA;NA;"968000";"150000";NA;NA;"200000";NA;NA;NA;NA;NA;NA;NA;4302303
"46";"BOMPRINCIPIO";"RS";NA;NA;NA;NA;NA;NA;NA;NA;"1035793";NA;NA;NA;"600000";NA;NA;NA;NA;NA;NA;NA;NA;NA;NA;"85000";4302352
"47";"BOMPROGRESSO";"RS";NA;NA;NA;NA;NA;NA;NA;NA;NA;NA;NA;NA;NA;NA;NA;NA;NA;NA;NA;NA;NA;NA;NA;"559800";4302378
"48";"BOMRETIRODOSUL";"RS";NA;NA;NA;NA;NA;NA;NA;NA;"750000";NA;NA;NA;NA;NA;NA;NA;NA;NA;"250000";NA;NA;NA;NA;"297265";4302402
"49";"BOQUEIRAODOLEAO";"RS";NA;NA;NA;NA;NA;NA;NA;NA;"200000";NA;NA;NA;NA;"200000";NA;NA;NA;NA;NA;NA;NA;NA;NA;NA;4302451
"50";"BOSSOROCA";"RS";"50000";NA;NA;NA;NA;NA;NA;NA;"100000";NA;NA;NA;"150000";NA;NA;NA;NA;NA;NA;NA;NA;NA;NA;"304800";4302501
"51";"BOZANO";"RS";NA;NA;NA;NA;NA;NA;NA;NA;NA;"238750";NA;NA;NA;NA;NA;NA;NA;NA;NA;NA;NA;NA;NA;NA;4302584
"52";"BROCHIER";"RS";NA;NA;NA;NA;NA;NA;NA;NA;NA;NA;NA;NA;NA;NA;"638750";NA;NA;NA;NA;NA;NA;NA;NA;NA;4302659
"53";"BUTIA";"RS";NA;NA;NA;NA;NA;NA;NA;NA;"500000";NA;NA;NA;NA;NA;NA;NA;NA;NA;NA;NA;NA;NA;NA;NA;4302709
"54";"CACAPAVADOSUL";"RS";NA;NA;NA;NA;NA;NA;NA;NA;NA;NA;NA;NA;NA;NA;"600000";"100000";NA;NA;NA;NA;NA;NA;NA;"119999";4302808
"55";"CACEQUI";"RS";NA;NA;NA;NA;NA;NA;NA;NA;NA;NA;NA;NA;NA;"350000";NA;NA;NA;NA;NA;NA;NA;NA;NA;"481104";4302907
"56";"CACHOEIRADOSUL";"RS";NA;NA;NA;NA;NA;NA;NA;NA;"300000";NA;NA;NA;NA;"1400000";NA;NA;NA;NA;"450000";NA;NA;NA;NA;NA;4303004
"57";"CACHOEIRINHA";"RS";NA;NA;NA;NA;NA;NA;NA;NA;"250000";NA;NA;NA;NA;NA;NA;NA;NA;NA;NA;NA;NA;NA;NA;NA;4303103
"58";"CACIQUEDOBLE";"RS";NA;NA;NA;NA;NA;NA;NA;NA;"200000";"191000";NA;NA;NA;NA;NA;NA;NA;NA;NA;NA;NA;NA;NA;NA;4303202
"59";"CAIBATE";"RS";NA;NA;NA;NA;NA;NA;NA;NA;NA;NA;NA;NA;"100000";"280000";NA;NA;NA;NA;NA;NA;NA;NA;NA;"239290";4303301
"60";"CAICARA";"RS";NA;NA;NA;NA;NA;NA;NA;NA;"500000";NA;NA;NA;NA;"150000";NA;NA;"382000";NA;NA;NA;NA;NA;NA;NA;4303400
"61";"CAMAQUA";"RS";NA;NA;NA;NA;NA;NA;NA;NA;NA;NA;NA;NA;"250000";"450000";NA;NA;NA;NA;NA;NA;NA;NA;NA;"4721";4303509
"62";"CAMARGO";"RS";NA;NA;NA;NA;NA;NA;NA;NA;"100000";NA;NA;NA;"100000";NA;NA;NA;NA;NA;NA;NA;NA;NA;NA;NA;4303558
"63";"CAMBARADOSUL";"RS";NA;NA;NA;NA;NA;NA;NA;NA;NA;NA;NA;NA;NA;"265000";NA;NA;NA;NA;NA;NA;NA;NA;NA;NA;4303608
"64";"CAMPESTREDASERRA";"RS";NA;NA;NA;NA;NA;NA;NA;NA;NA;NA;NA;NA;NA;"380000";NA;NA;NA;NA;NA;NA;NA;NA;NA;"238997";4303673
"65";"CAMPINADASMISSOES";"RS";NA;NA;NA;NA;NA;NA;NA;NA;NA;NA;NA;NA;NA;NA;"150000";NA;NA;NA;NA;NA;NA;NA;NA;NA;4303707
"66";"CAMPINASDOSUL";"RS";NA;NA;NA;NA;NA;NA;NA;NA;NA;NA;NA;NA;NA;"200000";NA;NA;NA;NA;NA;NA;NA;NA;NA;"99924";4303806
"67";"CAMPOBOM";"RS";NA;NA;NA;NA;NA;NA;NA;NA;"550000";NA;NA;NA;"450000";NA;NA;NA;"567000";NA;"100000";NA;NA;NA;NA;NA;4303905
"68";"CAMPONOVO";"RS";NA;NA;NA;NA;NA;NA;NA;NA;"100000";NA;NA;NA;"150000";"330000";"238750";NA;NA;NA;NA;NA;NA;NA;NA;"99972";4304002
"69";"CAMPOSBORGES";"RS";NA;NA;NA;NA;NA;NA;NA;NA;"100000";NA;NA;NA;"235000";NA;NA;NA;NA;NA;NA;NA;NA;NA;NA;NA;4304101
"70";"CANDELARIA";"RS";NA;NA;NA;NA;NA;NA;NA;NA;NA;NA;NA;NA;"1200000";"100000";NA;NA;NA;NA;NA;NA;NA;NA;NA;"323812";4304200
"71";"CANDIDOGODOI";"RS";NA;NA;NA;NA;NA;NA;NA;NA;NA;NA;NA;NA;NA;NA;NA;NA;NA;NA;NA;NA;NA;NA;NA;"570375";4304309
"72";"CANDIOTA";"RS";NA;NA;NA;NA;NA;NA;NA;NA;NA;NA;NA;NA;"200000";NA;NA;NA;NA;NA;NA;NA;NA;NA;NA;NA;4304358
"73";"CANELA";"RS";NA;NA;NA;NA;NA;NA;NA;NA;"200000";NA;NA;NA;NA;"200000";"570000";"100000";NA;"100000";"677000";NA;NA;NA;NA;NA;4304408
"74";"CANGUCU";"RS";NA;NA;NA;"286500";NA;NA;NA;NA;"900000";NA;NA;NA;NA;NA;NA;NA;NA;NA;NA;NA;NA;"50000";NA;NA;4304507
"75";"CANOAS";"RS";NA;NA;"90000";NA;NA;NA;NA;NA;NA;NA;NA;NA;"335792";NA;NA;NA;"150000";NA;"1000000";NA;NA;NA;NA;"250000";4304606
"76";"CANUDOSDOVALE";"RS";NA;NA;NA;"353350";NA;NA;NA;NA;NA;NA;NA;NA;NA;NA;NA;NA;NA;NA;NA;NA;NA;NA;NA;"304800";4304614
"77";"CAPAODACANOA";"RS";NA;NA;NA;NA;NA;NA;NA;NA;"650000";NA;NA;NA;NA;NA;NA;NA;NA;NA;"562569";"50000";NA;NA;NA;NA;4304630
"78";"CAPAODOCIPO";"RS";NA;NA;NA;NA;NA;NA;NA;NA;NA;NA;NA;NA;NA;NA;"500000";NA;NA;NA;NA;NA;NA;NA;NA;"83953";4304655
"79";"CAPAODOLEAO";"RS";NA;NA;NA;NA;NA;NA;NA;NA;NA;NA;NA;NA;"300000";"300000";NA;NA;NA;NA;NA;NA;NA;NA;NA;NA;4304663
"80";"CAPELADESANTANA";"RS";NA;NA;NA;NA;NA;NA;NA;NA;NA;NA;NA;NA;"1200000";"200000";NA;NA;NA;NA;"323812";NA;NA;NA;NA;NA;4304689
"81";"CAPITAO";"RS";NA;NA;NA;NA;NA;NA;NA;NA;"100000";NA;NA;NA;NA;"107000";NA;NA;NA;NA;NA;NA;NA;NA;NA;NA;4304697
"82";"CARAA";"RS";NA;NA;NA;NA;"238750";NA;"286500";NA;NA;NA;NA;NA;NA;NA;NA;NA;NA;NA;NA;NA;NA;NA;NA;NA;4304713
"83";"CARAZINHO";"RS";NA;NA;NA;NA;NA;NA;"140000";NA;NA;NA;NA;NA;NA;"1017000";NA;NA;NA;NA;"200000";NA;NA;NA;NA;NA;4304705
"84";"CARLOSBARBOSA";"RS";NA;NA;NA;NA;NA;NA;NA;NA;NA;NA;NA;NA;NA;NA;"800000";NA;NA;NA;"100000";NA;NA;NA;NA;"131098";4304804
"85";"CARLOSGOMES";"RS";NA;NA;NA;NA;NA;NA;NA;NA;"485000";NA;NA;NA;NA;NA;NA;NA;NA;NA;NA;NA;NA;NA;NA;"384205";4304853
"86";"CASCA";"RS";NA;NA;NA;NA;NA;NA;NA;NA;"100000";NA;NA;NA;"552522";"750000";NA;NA;NA;NA;NA;NA;NA;NA;NA;NA;4304903
"87";"CASEIROS";"RS";NA;NA;NA;NA;NA;NA;NA;NA;"400000";NA;NA;NA;NA;NA;"49090";NA;NA;NA;NA;NA;NA;NA;NA;NA;4304952
"88";"CAXIASDOSUL";"RS";NA;NA;"500000";NA;"150000";NA;NA;NA;NA;"191000";NA;NA;"7772585";"500000";NA;NA;NA;NA;"3100000";NA;NA;NA;NA;NA;4305108
"89";"CENTENARIO";"RS";NA;NA;NA;NA;NA;NA;NA;NA;NA;NA;NA;NA;NA;NA;"630000";NA;NA;NA;NA;NA;NA;NA;NA;NA;4305116
"90";"CERRITO";"RS";NA;NA;NA;NA;NA;NA;NA;NA;NA;NA;NA;NA;NA;"450000";NA;NA;NA;NA;NA;NA;NA;NA;NA;NA;4305124
"91";"CERROBRANCO";"RS";NA;NA;NA;NA;NA;NA;NA;NA;"150000";NA;NA;NA;NA;"300000";NA;NA;NA;NA;NA;NA;NA;NA;NA;"304800";4305132
"92";"CERROGRANDE";"RS";NA;NA;NA;NA;NA;NA;NA;NA;"250000";NA;NA;NA;NA;"400000";NA;NA;NA;NA;NA;NA;NA;NA;NA;"304800";4305157
"93";"CERROGRANDEDOSUL";"RS";NA;NA;NA;NA;NA;NA;NA;NA;NA;NA;NA;NA;NA;"200000";NA;NA;NA;NA;NA;NA;NA;NA;NA;NA;4305173
"94";"CERROLARGO";"RS";NA;NA;NA;NA;NA;NA;NA;NA;NA;NA;NA;NA;"350000";NA;NA;NA;NA;NA;NA;NA;NA;NA;NA;NA;4305207
"95";"CHAPADA";"RS";NA;NA;NA;NA;NA;NA;NA;NA;"650000";NA;NA;NA;NA;NA;NA;NA;NA;NA;NA;NA;NA;NA;NA;NA;4305306
"96";"CHARQUEADAS";"RS";NA;NA;NA;NA;NA;NA;NA;NA;NA;NA;NA;NA;NA;NA;"1240000";NA;NA;NA;NA;NA;NA;NA;NA;"381719";4305355
"97";"CHARRUA";"RS";NA;NA;NA;NA;NA;NA;NA;NA;NA;NA;NA;NA;NA;NA;"150000";NA;NA;NA;NA;NA;NA;NA;NA;"528172";4305371
"98";"CHIAPETTA";"RS";NA;NA;NA;NA;NA;NA;NA;NA;"200000";NA;NA;NA;NA;NA;NA;NA;NA;NA;NA;NA;NA;NA;NA;NA;4305405
"99";"CHUI";"RS";NA;NA;NA;NA;NA;NA;NA;NA;"200000";NA;NA;NA;NA;NA;NA;NA;NA;NA;NA;NA;NA;NA;NA;"199947";4305439
"100";"CHUVISCA";"RS";NA;NA;NA;NA;NA;NA;NA;NA;NA;NA;NA;NA;NA;NA;"436354";NA;NA;NA;NA;NA;NA;NA;NA;"386867";4305447
"101";"CIDREIRA";"RS";NA;NA;NA;NA;NA;NA;NA;NA;NA;NA;NA;NA;NA;NA;"650000";NA;NA;NA;NA;NA;NA;NA;NA;NA;4305454
"102";"CIRIACO";"RS";NA;NA;NA;NA;NA;NA;NA;NA;"660000";NA;NA;NA;NA;NA;NA;NA;NA;NA;NA;NA;NA;NA;NA;"323812";4305504
"103";"COLINAS";"RS";NA;NA;NA;NA;NA;NA;NA;NA;"384709";NA;NA;NA;NA;"200000";NA;NA;NA;NA;NA;NA;NA;NA;NA;"304800";4305587
"104";"CONDOR";"RS";NA;NA;NA;NA;NA;NA;NA;NA;NA;NA;NA;NA;"770000";NA;NA;NA;NA;NA;NA;NA;NA;NA;NA;"405373";4305702
"105";"CONSTANTINA";"RS";NA;NA;NA;NA;NA;NA;NA;NA;"970000";NA;NA;NA;NA;NA;NA;NA;NA;NA;NA;NA;NA;NA;NA;"352000";4305801
"106";"COQUEIROBAIXO";"RS";NA;NA;NA;NA;NA;NA;NA;NA;"200000";NA;NA;NA;"37648";"200000";NA;NA;NA;NA;NA;NA;NA;NA;NA;NA;4305835
"107";"COQUEIROSDOSUL";"RS";NA;NA;NA;NA;NA;NA;NA;NA;"220000";NA;NA;NA;NA;NA;NA;NA;NA;NA;NA;NA;NA;NA;NA;"304800";4305850
"108";"CORONELBARROS";"RS";NA;NA;NA;NA;NA;NA;NA;NA;"100000";NA;NA;NA;NA;"350000";NA;NA;NA;NA;NA;NA;NA;NA;NA;NA;4305871
"109";"CORONELBICACO";"RS";NA;NA;NA;NA;NA;NA;NA;NA;"670000";NA;NA;NA;NA;NA;NA;NA;NA;NA;NA;NA;NA;NA;NA;NA;4305900
"110";"CORONELPILAR";"RS";NA;NA;NA;NA;NA;NA;"286500";NA;"227078";NA;NA;NA;NA;NA;NA;NA;NA;NA;NA;NA;NA;NA;NA;NA;4305934
"111";"COTIPORA";"RS";NA;NA;NA;NA;NA;NA;NA;NA;"150000";NA;NA;NA;"150000";"150000";NA;NA;NA;NA;NA;NA;NA;NA;NA;NA;4305959
"112";"COXILHA";"RS";NA;NA;NA;NA;NA;NA;NA;NA;NA;"238750";NA;NA;NA;NA;"200000";NA;NA;NA;NA;NA;NA;NA;NA;"125000";4305975
"113";"CRISSIUMAL";"RS";NA;NA;NA;NA;NA;NA;NA;NA;NA;NA;NA;NA;NA;NA;"1050000";NA;"200000";NA;"100000";NA;NA;NA;NA;NA;4306007
"114";"CRISTAL";"RS";NA;NA;NA;NA;NA;NA;NA;NA;"1122378";NA;NA;NA;NA;NA;"100000";NA;NA;NA;NA;NA;NA;NA;NA;"268358";4306056
"115";"CRISTALDOSUL";"RS";NA;NA;NA;NA;NA;NA;NA;NA;"450000";NA;NA;NA;NA;"200000";NA;NA;NA;NA;NA;NA;NA;NA;NA;NA;4306072
"116";"CRUZALTA";"RS";NA;NA;NA;NA;NA;NA;NA;NA;"1550000";NA;NA;NA;NA;NA;NA;NA;NA;NA;NA;NA;NA;NA;NA;"624";4306106
"117";"CRUZALTENSE";"RS";NA;NA;NA;NA;NA;NA;NA;NA;NA;"238750";NA;NA;NA;NA;"400000";NA;NA;NA;NA;NA;NA;NA;NA;NA;4306130
"118";"CRUZEIRODOSUL";"RS";NA;NA;"150000";NA;NA;NA;NA;NA;NA;NA;NA;NA;NA;NA;"1251031";NA;NA;NA;"200000";NA;NA;NA;NA;NA;4306205
"119";"DAVIDCANABARRO";"RS";NA;NA;NA;NA;NA;NA;NA;NA;NA;NA;NA;NA;NA;NA;"180000";NA;NA;NA;NA;NA;NA;NA;NA;NA;4306304
"120";"DERRUBADAS";"RS";NA;NA;NA;NA;NA;NA;NA;NA;NA;NA;NA;NA;NA;NA;"220000";NA;NA;NA;NA;NA;NA;NA;NA;NA;4306320
"121";"DEZESSEISDENOVEMBRO";"RS";NA;NA;NA;NA;NA;NA;NA;NA;"250000";NA;NA;NA;NA;NA;NA;NA;NA;NA;NA;NA;NA;NA;NA;"239290";4306353
"122";"DILERMANDODEAGUIAR";"RS";NA;NA;NA;NA;NA;NA;NA;NA;NA;NA;NA;NA;"350000";NA;NA;NA;NA;NA;NA;NA;NA;NA;NA;NA;4306379
"123";"DOISIRMAOS";"RS";NA;NA;NA;NA;NA;NA;NA;NA;"250000";NA;NA;NA;"200000";"317000";NA;NA;NA;NA;"200000";NA;NA;NA;NA;NA;4306403
"124";"DOISIRMAOSDASMISSOES";"RS";NA;NA;NA;NA;NA;NA;NA;NA;NA;NA;NA;NA;NA;"97533";NA;NA;NA;NA;NA;NA;NA;NA;NA;NA;4306429
"125";"DOISLAJEADOS";"RS";NA;NA;NA;NA;NA;NA;NA;NA;"250000";NA;NA;NA;NA;"274000";NA;NA;NA;NA;"250000";NA;NA;NA;NA;NA;4306452
"126";"DOMFELICIANO";"RS";NA;NA;NA;NA;NA;NA;NA;NA;NA;NA;NA;NA;NA;NA;"41585";NA;NA;NA;NA;NA;NA;NA;NA;NA;4306502
"127";"DOMPEDRITO";"RS";NA;NA;NA;NA;NA;NA;"50000";NA;"1200000";NA;NA;NA;NA;NA;NA;NA;NA;NA;NA;NA;NA;NA;NA;"662997";4306601
"128";"DOMPEDRODEALCANTARA";"RS";NA;NA;NA;NA;NA;NA;NA;NA;NA;NA;NA;"238750";"300000";"100000";NA;NA;NA;NA;NA;NA;NA;NA;NA;"83953";4306551
"129";"DONAFRANCISCA";"RS";NA;NA;NA;NA;NA;NA;NA;NA;NA;NA;NA;NA;NA;NA;NA;NA;NA;NA;NA;NA;NA;NA;NA;"224986";4306700
"130";"DOUTORMAURICIOCARDOSO";"RS";NA;NA;NA;NA;NA;NA;NA;NA;"200000";NA;NA;NA;NA;NA;NA;NA;NA;NA;NA;NA;NA;NA;NA;"239290";4306734
"131";"DOUTORRICARDO";"RS";NA;NA;NA;NA;NA;NA;"238750";NA;NA;NA;NA;NA;"150000";"100000";NA;NA;NA;NA;NA;NA;NA;NA;NA;NA;4306759
"132";"ELDORADODOSUL";"RS";NA;NA;NA;NA;NA;NA;NA;NA;NA;NA;NA;NA;NA;NA;"1586500";NA;NA;NA;NA;NA;NA;NA;NA;NA;4306767
"133";"ENCANTADO";"RS";NA;NA;NA;NA;NA;NA;"286500";NA;NA;NA;NA;NA;"1350000";NA;NA;NA;NA;NA;NA;NA;NA;NA;NA;NA;4306809
"134";"ENCRUZILHADADOSUL";"RS";NA;NA;NA;"238750";NA;NA;NA;NA;"560000";NA;NA;NA;"630000";"800000";NA;NA;NA;NA;NA;NA;NA;NA;NA;NA;4306908
"135";"ENGENHOVELHO";"RS";NA;NA;NA;NA;NA;NA;NA;NA;NA;NA;NA;"422965";NA;NA;"510535";NA;NA;NA;NA;NA;NA;NA;NA;"99945";4306924
"136";"ENTREIJUIS";"RS";NA;NA;NA;NA;NA;NA;NA;NA;"310000";NA;NA;NA;NA;"880000";NA;NA;NA;NA;NA;NA;NA;NA;NA;NA;4306932
"137";"ENTRERIOSDOSUL";"RS";NA;NA;NA;NA;NA;NA;NA;NA;"330000";NA;NA;NA;NA;NA;NA;NA;NA;"100000";NA;NA;NA;NA;NA;"403585";4306957
"138";"EREBANGO";"RS";NA;NA;NA;NA;NA;NA;NA;NA;NA;NA;NA;NA;"450000";NA;NA;NA;NA;NA;NA;NA;NA;NA;NA;NA;4306973
"139";"ERECHIM";"RS";NA;NA;NA;NA;NA;NA;NA;NA;"1460000";NA;NA;NA;NA;NA;NA;NA;NA;NA;"650000";NA;NA;NA;NA;"299959";4307005
"140";"ERNESTINA";"RS";NA;NA;NA;NA;NA;NA;NA;NA;NA;NA;NA;NA;NA;NA;"400000";NA;NA;NA;NA;NA;NA;NA;NA;NA;4307054
"141";"ERVALGRANDE";"RS";NA;NA;NA;NA;NA;NA;NA;NA;"370000";NA;NA;NA;"630000";"250000";NA;NA;NA;NA;NA;NA;NA;"50000";NA;NA;4307203
"142";"ESMERALDA";"RS";NA;NA;NA;NA;NA;NA;NA;NA;"650000";NA;NA;NA;NA;NA;NA;NA;NA;NA;NA;NA;NA;NA;NA;"239248";4307401
"143";"ESPERANCADOSUL";"RS";NA;NA;NA;NA;NA;NA;NA;NA;NA;NA;NA;NA;NA;NA;NA;NA;NA;NA;NA;NA;NA;NA;NA;"351861";4307450
"144";"ESPUMOSO";"RS";NA;NA;NA;NA;NA;NA;NA;NA;NA;NA;NA;NA;NA;"200000";NA;NA;NA;NA;"21132";NA;NA;NA;NA;"19029";4307500
"145";"ESTACAO";"RS";NA;NA;NA;NA;NA;NA;NA;NA;NA;NA;NA;NA;"1150000";NA;NA;NA;NA;NA;NA;NA;NA;NA;NA;NA;4307559
"146";"ESTANCIAVELHA";"RS";NA;NA;NA;NA;NA;NA;NA;NA;"1367000";NA;NA;NA;NA;NA;NA;NA;NA;NA;NA;NA;NA;NA;NA;"234940";4307609
"147";"ESTEIO";"RS";NA;NA;NA;NA;NA;NA;NA;NA;"700000";NA;NA;NA;"200000";NA;NA;NA;NA;"100000";NA;NA;NA;NA;NA;"899993";4307708
"148";"ESTRELA";"RS";NA;NA;NA;NA;NA;NA;NA;NA;"920000";NA;NA;NA;"750000";"800000";NA;NA;NA;NA;"1120000";NA;NA;NA;NA;NA;4307807
"149";"ESTRELAVELHA";"RS";NA;NA;NA;NA;NA;NA;NA;NA;NA;NA;NA;NA;"200000";NA;NA;NA;NA;NA;NA;NA;NA;NA;NA;NA;4307815
"150";"EUGENIODECASTRO";"RS";NA;NA;NA;NA;NA;NA;NA;NA;NA;NA;NA;NA;NA;NA;NA;NA;NA;NA;NA;NA;NA;NA;NA;"520375";4307831
"151";"FAGUNDESVARELA";"RS";NA;NA;NA;NA;NA;NA;NA;NA;NA;NA;NA;NA;NA;"221000";NA;NA;NA;NA;NA;NA;NA;NA;NA;"249816";4307864
"152";"FARROUPILHA";"RS";NA;NA;NA;NA;NA;NA;NA;NA;NA;NA;NA;NA;"400000";"3232000";NA;"150000";"300000";NA;"200000";NA;NA;NA;NA;"299966";4307906
"153";"FAXINALDOSOTURNO";"RS";NA;NA;NA;NA;NA;NA;NA;NA;NA;NA;NA;NA;"200000";"180000";NA;NA;NA;NA;NA;NA;NA;NA;NA;NA;4308003
"154";"FAXINALZINHO";"RS";NA;NA;NA;NA;NA;NA;NA;NA;"487896";NA;NA;NA;NA;NA;"238750";NA;NA;NA;NA;NA;NA;NA;NA;NA;4308052
"155";"FAZENDAVILANOVA";"RS";NA;NA;NA;NA;NA;NA;NA;NA;"410000";NA;NA;NA;NA;"300000";NA;NA;NA;NA;NA;NA;NA;NA;NA;NA;4308078
"156";"FELIZ";"RS";"50000";NA;NA;NA;NA;NA;NA;NA;NA;NA;NA;NA;"370000";"750000";"238750";NA;NA;NA;NA;NA;NA;NA;NA;NA;4308102
"157";"FLORESDACUNHA";"RS";NA;NA;NA;NA;NA;NA;NA;NA;NA;NA;NA;NA;"320000";"1100000";NA;NA;NA;NA;"150000";NA;NA;NA;NA;NA;4308201
"158";"FLORIANOPEIXOTO";"RS";NA;NA;NA;NA;NA;NA;NA;NA;NA;NA;NA;NA;NA;"200000";NA;NA;NA;NA;NA;NA;NA;NA;NA;NA;4308250
"159";"FONTOURAXAVIER";"RS";NA;NA;NA;NA;NA;NA;NA;NA;"500000";"191000";NA;NA;"300000";"460000";NA;NA;NA;NA;NA;NA;NA;NA;NA;"223379";4308300
"160";"FORMIGUEIRO";"RS";NA;NA;NA;NA;NA;NA;NA;NA;"550000";NA;NA;NA;NA;NA;NA;NA;NA;NA;NA;NA;NA;NA;NA;NA;4308409
"161";"FORQUETINHA";"RS";NA;NA;NA;NA;NA;NA;NA;NA;"200000";NA;NA;NA;NA;"395705";NA;NA;NA;NA;NA;NA;NA;NA;NA;"304800";4308433
"162";"FORTALEZADOSVALOS";"RS";NA;NA;NA;NA;NA;NA;NA;NA;NA;NA;NA;NA;NA;NA;"150000";NA;NA;NA;NA;NA;NA;NA;NA;NA;4308458
"163";"FREDERICOWESTPHALEN";"RS";NA;NA;NA;NA;NA;NA;NA;NA;NA;NA;NA;NA;NA;NA;"300000";NA;NA;NA;NA;NA;NA;NA;NA;"100000";4308508
"164";"GARIBALDI";"RS";NA;NA;NA;"90000";NA;NA;NA;NA;NA;NA;NA;NA;"1050000";"1950000";NA;NA;NA;NA;NA;NA;NA;NA;NA;NA;4308607
"165";"GARRUCHOS";"RS";NA;NA;NA;NA;NA;NA;NA;NA;NA;NA;NA;NA;NA;"150000";NA;NA;NA;NA;NA;NA;NA;NA;NA;NA;4308656
"166";"GAURAMA";"RS";NA;NA;NA;NA;NA;NA;NA;NA;NA;NA;NA;NA;NA;NA;"450000";NA;NA;NA;NA;NA;NA;NA;NA;NA;4308706
"167";"GENERALCAMARA";"RS";NA;NA;NA;NA;NA;NA;NA;NA;NA;NA;NA;NA;"620000";NA;NA;NA;NA;NA;NA;NA;NA;NA;NA;NA;4308805
"168";"GENTIL";"RS";NA;NA;NA;NA;NA;NA;NA;NA;NA;NA;NA;NA;NA;NA;"350000";NA;NA;NA;NA;NA;NA;NA;NA;NA;4308854
"169";"GETULIOVARGAS";"RS";NA;NA;NA;NA;NA;NA;NA;NA;NA;NA;NA;NA;NA;"400000";NA;NA;NA;NA;NA;NA;NA;NA;NA;"304800";4308904
"170";"GIRUA";"RS";NA;NA;NA;NA;NA;NA;NA;NA;"100000";NA;NA;NA;NA;NA;"400000";NA;NA;NA;"900000";NA;NA;NA;NA;"15528";4309001
"171";"GLORINHA";"RS";NA;NA;NA;NA;NA;NA;NA;NA;"300000";NA;NA;NA;NA;NA;NA;NA;NA;NA;NA;NA;NA;NA;NA;"300000";4309050
"172";"GRAMADO";"RS";NA;NA;NA;NA;NA;NA;NA;NA;NA;NA;NA;NA;NA;NA;"750000";NA;NA;NA;"3279350";NA;NA;NA;NA;NA;4309100
"173";"GRAMADOXAVIER";"RS";NA;NA;NA;NA;NA;NA;"191000";NA;"200000";NA;NA;NA;NA;"635903";NA;NA;NA;NA;NA;NA;NA;NA;NA;"304800";4309159
"174";"GRAVATAI";"RS";NA;NA;NA;NA;NA;NA;NA;NA;"3500000";NA;NA;NA;NA;NA;NA;"150000";NA;NA;"1595000";NA;NA;NA;NA;"269716";4309209
"175";"GUABIJU";"RS";NA;NA;NA;NA;NA;NA;NA;NA;NA;NA;NA;NA;NA;NA;"100000";NA;NA;NA;NA;NA;NA;NA;NA;NA;4309258
"176";"GUAIBA";"RS";NA;NA;NA;NA;NA;NA;NA;NA;"800000";NA;NA;NA;NA;"223000";NA;NA;NA;NA;NA;NA;NA;"200000";NA;NA;4309308
"177";"GUAPORE";"RS";NA;NA;NA;NA;NA;NA;NA;NA;"300000";NA;NA;NA;"450000";"1226000";NA;"290000";NA;"50000";NA;NA;NA;NA;NA;NA;4309407
"178";"GUARANIDASMISSOES";"RS";NA;NA;NA;NA;NA;NA;NA;NA;"650000";NA;NA;NA;"100000";NA;NA;NA;NA;NA;NA;NA;NA;NA;NA;"149939";4309506
"179";"HARMONIA";"RS";NA;NA;NA;NA;NA;NA;NA;NA;NA;NA;NA;NA;"300000";NA;NA;NA;NA;NA;NA;NA;NA;NA;NA;NA;4309555
"180";"HERVAL";"RS";NA;NA;NA;NA;NA;NA;NA;NA;"200000";NA;NA;NA;NA;"250000";NA;NA;NA;NA;NA;NA;NA;NA;NA;NA;4307104
"181";"HERVEIRAS";"RS";NA;NA;NA;NA;NA;NA;NA;NA;NA;NA;NA;NA;NA;NA;"519475";NA;NA;NA;NA;NA;NA;NA;NA;NA;4309571
"182";"HORIZONTINA";"RS";NA;NA;NA;NA;NA;NA;"100000";NA;"500000";NA;NA;NA;NA;NA;NA;NA;NA;NA;NA;NA;NA;NA;NA;NA;4309605
"183";"HUMAITA";"RS";NA;NA;NA;NA;NA;NA;NA;NA;NA;NA;NA;NA;NA;NA;"130000";NA;NA;NA;NA;NA;NA;NA;NA;NA;4309704
"184";"IBARAMA";"RS";NA;NA;NA;NA;NA;NA;NA;NA;"100000";NA;NA;NA;NA;NA;NA;NA;NA;NA;NA;NA;NA;NA;NA;"304800";4309753
"185";"IBIACA";"RS";NA;NA;NA;NA;NA;NA;NA;NA;NA;NA;NA;NA;NA;NA;"100000";NA;NA;NA;NA;NA;NA;NA;NA;NA;4309803
"186";"IBIRAIARAS";"RS";NA;NA;NA;NA;NA;NA;NA;NA;NA;NA;NA;"384205";"81205";"100000";NA;NA;NA;NA;NA;NA;NA;NA;NA;"304800";4309902
"187";"IBIRAPUITA";"RS";NA;NA;NA;NA;NA;NA;NA;NA;NA;NA;NA;NA;NA;NA;"349405";"50000";NA;NA;NA;NA;NA;NA;NA;NA;4309951
"188";"IBIRUBA";"RS";NA;NA;NA;NA;NA;NA;"50000";NA;NA;NA;NA;NA;NA;NA;"750000";NA;NA;NA;"150000";NA;NA;NA;NA;"628200";4310009
"189";"IGREJINHA";"RS";NA;NA;NA;NA;NA;NA;NA;NA;NA;NA;NA;NA;NA;NA;"150000";NA;NA;NA;"150000";"50000";NA;NA;NA;NA;4310108
"190";"IJUI";"RS";NA;"270000";NA;NA;NA;NA;NA;NA;"900000";NA;NA;NA;NA;NA;NA;NA;"100000";"100000";NA;NA;NA;NA;NA;"200000";4310207
"191";"ILOPOLIS";"RS";NA;NA;NA;NA;NA;NA;NA;NA;"200000";NA;NA;NA;NA;NA;NA;NA;NA;NA;NA;NA;NA;NA;NA;NA;4310306
"192";"IMBE";"RS";NA;NA;NA;NA;NA;NA;NA;NA;NA;NA;NA;NA;"450000";NA;NA;NA;NA;NA;NA;NA;NA;NA;NA;NA;4310330
"193";"IMIGRANTE";"RS";NA;NA;NA;NA;NA;NA;NA;NA;NA;NA;NA;NA;NA;"400000";NA;NA;NA;NA;NA;NA;NA;NA;NA;NA;4310363
"194";"INDEPENDENCIA";"RS";NA;NA;NA;NA;NA;NA;NA;NA;NA;NA;NA;NA;NA;NA;NA;NA;"100000";NA;NA;NA;NA;NA;NA;NA;4310405
"195";"INHACORA";"RS";NA;NA;NA;NA;NA;NA;NA;NA;"570000";NA;NA;NA;NA;NA;NA;NA;"50000";NA;NA;NA;NA;NA;NA;NA;4310413
"196";"IPE";"RS";NA;NA;NA;NA;NA;NA;NA;NA;"300000";NA;NA;NA;NA;"279000";NA;NA;NA;NA;NA;NA;NA;NA;NA;NA;4310439
"197";"IPIRANGADOSUL";"RS";NA;NA;NA;NA;NA;NA;NA;NA;NA;NA;NA;NA;NA;"150000";NA;NA;NA;NA;NA;NA;NA;NA;NA;"304800";4310462
"198";"IRAI";"RS";NA;NA;NA;NA;NA;NA;NA;NA;NA;NA;"191000";NA;NA;"100000";NA;NA;NA;NA;NA;NA;NA;NA;NA;"304800";4310504
"199";"ITAARA";"RS";NA;NA;NA;NA;NA;NA;NA;NA;NA;NA;NA;NA;"150000";NA;NA;NA;NA;NA;NA;NA;NA;NA;NA;NA;4310538
"200";"ITACURUBI";"RS";NA;NA;NA;NA;NA;NA;NA;NA;NA;NA;NA;NA;NA;NA;NA;NA;NA;NA;NA;NA;NA;NA;"200000";NA;4310553
"201";"ITAQUI";"RS";NA;NA;NA;NA;NA;NA;NA;NA;"570000";NA;NA;NA;NA;"100000";NA;NA;NA;NA;NA;NA;NA;NA;NA;NA;4310603
"202";"ITATI";"RS";NA;NA;NA;NA;NA;NA;NA;NA;"350000";NA;NA;NA;NA;NA;NA;NA;NA;NA;NA;NA;NA;NA;NA;NA;4310652
"203";"ITATIBADOSUL";"RS";NA;NA;NA;NA;NA;NA;NA;NA;"600000";NA;NA;NA;NA;NA;NA;NA;NA;NA;NA;NA;NA;NA;NA;"413275";4310702
"204";"IVORA";"RS";NA;NA;NA;"238750";NA;NA;NA;NA;"190000";NA;NA;NA;NA;NA;NA;NA;NA;NA;NA;NA;NA;NA;NA;"185736";4310751
"205";"IVOTI";"RS";NA;NA;NA;NA;NA;NA;NA;NA;"250000";NA;NA;NA;NA;"300000";NA;NA;NA;NA;NA;NA;NA;"100000";NA;NA;4310801
"206";"JABOTICABA";"RS";NA;NA;NA;NA;NA;NA;NA;NA;"300000";NA;NA;NA;NA;NA;NA;NA;NA;NA;NA;NA;NA;NA;NA;"304800";4310850
"207";"JACUTINGA";"RS";NA;NA;NA;NA;NA;NA;NA;NA;NA;NA;NA;NA;NA;"350000";NA;NA;NA;NA;NA;NA;NA;NA;NA;"628612";4310900
"208";"JAGUARAO";"RS";NA;NA;NA;NA;NA;NA;NA;NA;"450000";NA;NA;NA;NA;"300000";NA;NA;NA;NA;NA;NA;NA;NA;NA;NA;4311007
"209";"JAGUARI";"RS";NA;NA;NA;NA;NA;NA;NA;NA;NA;NA;NA;NA;NA;NA;"300000";NA;NA;"50000";"268358";NA;NA;NA;NA;"83953";4311106
"210";"JAQUIRANA";"RS";NA;NA;NA;NA;NA;NA;NA;NA;NA;NA;NA;NA;NA;NA;"150000";NA;NA;NA;"205973";NA;NA;NA;NA;NA;4311122
"211";"JARI";"RS";NA;NA;NA;NA;NA;NA;NA;NA;NA;NA;NA;NA;"250000";"100000";"191000";NA;NA;NA;NA;NA;NA;NA;NA;NA;4311130
"212";"JOIA";"RS";NA;NA;NA;NA;NA;NA;NA;NA;"550000";NA;NA;NA;NA;NA;NA;NA;NA;NA;NA;NA;NA;NA;NA;NA;4311155
"213";"JULIODECASTILHOS";"RS";NA;NA;NA;NA;NA;NA;NA;NA;NA;NA;NA;NA;NA;NA;"1150000";NA;NA;NA;"300000";NA;NA;NA;NA;NA;4311205
"214";"LAGOABONITADOSUL";"RS";NA;NA;NA;NA;NA;NA;NA;NA;NA;NA;NA;NA;"200000";NA;NA;NA;NA;NA;NA;NA;NA;NA;NA;NA;4311239
"215";"LAGOADOSTRESCANTOS";"RS";NA;NA;NA;NA;NA;NA;NA;NA;NA;NA;NA;NA;NA;NA;NA;"413275";NA;NA;NA;NA;NA;NA;NA;NA;4311270
"216";"LAGOAO";"RS";NA;NA;NA;NA;NA;NA;NA;NA;"850000";NA;NA;NA;NA;NA;NA;NA;NA;NA;NA;NA;NA;NA;NA;NA;4311254
"217";"LAGOAVERMELHA";"RS";NA;NA;NA;NA;NA;NA;NA;NA;NA;NA;NA;NA;NA;NA;"1500000";NA;NA;NA;NA;NA;NA;NA;NA;NA;4311304
"218";"LAJEADO";"RS";NA;NA;NA;NA;NA;NA;NA;NA;"600000";NA;NA;NA;"1450000";"2467000";NA;NA;NA;NA;NA;"150000";NA;NA;NA;"759600";4311403
"219";"LAJEADODOBUGRE";"RS";NA;NA;NA;NA;NA;NA;NA;NA;NA;NA;NA;NA;NA;NA;"300000";NA;NA;NA;NA;NA;NA;NA;NA;NA;4311429
"220";"LAVRASDOSUL";"RS";NA;NA;NA;NA;NA;NA;NA;NA;"550000";NA;NA;NA;"150000";NA;NA;NA;NA;NA;NA;NA;NA;NA;NA;NA;4311502
"221";"LIBERATOSALZANO";"RS";NA;NA;NA;NA;NA;NA;NA;NA;"550000";"238750";NA;NA;NA;"300000";NA;NA;NA;NA;NA;NA;NA;NA;NA;"384205";4311601
"222";"LINDOLFOCOLLOR";"RS";NA;NA;NA;NA;NA;NA;NA;NA;NA;NA;NA;NA;NA;NA;"300000";NA;NA;NA;NA;NA;NA;NA;NA;NA;4311627
"223";"MACAMBARA";"RS";NA;NA;NA;NA;NA;NA;NA;NA;NA;NA;NA;NA;NA;NA;"150000";NA;NA;NA;NA;NA;NA;NA;NA;NA;4311718
"224";"MACHADINHO";"RS";NA;NA;NA;NA;NA;NA;NA;NA;NA;"238750";NA;NA;"1216351";NA;NA;NA;NA;NA;NA;NA;NA;NA;NA;NA;4311700
"225";"MAMPITUBA";"RS";NA;NA;NA;NA;NA;NA;NA;NA;NA;NA;NA;NA;"450000";NA;NA;NA;NA;NA;NA;NA;NA;NA;NA;NA;4311734
"226";"MANOELVIANA";"RS";NA;NA;NA;NA;NA;NA;NA;NA;NA;NA;NA;NA;NA;NA;"220000";NA;NA;NA;NA;NA;NA;NA;NA;NA;4311759
"227";"MAQUINE";"RS";NA;NA;NA;NA;NA;NA;NA;NA;"400000";NA;NA;NA;"100000";NA;NA;NA;NA;NA;NA;NA;NA;NA;NA;"335000";4311775
"228";"MARATA";"RS";NA;NA;NA;NA;NA;NA;NA;NA;"300000";NA;NA;NA;NA;NA;NA;NA;NA;NA;NA;NA;NA;NA;NA;NA;4311791
"229";"MARAU";"RS";NA;NA;NA;NA;NA;NA;NA;NA;"330000";NA;NA;NA;"150000";"700000";NA;NA;NA;NA;NA;NA;NA;NA;NA;NA;4311809
"230";"MARIANAPIMENTEL";"RS";NA;NA;NA;NA;NA;NA;NA;NA;"478756";NA;NA;NA;NA;NA;NA;NA;NA;NA;NA;NA;NA;NA;NA;NA;4311981
"231";"MARIANOMORO";"RS";NA;NA;NA;NA;NA;NA;"238750";NA;"100000";NA;NA;NA;NA;"300000";NA;NA;NA;NA;NA;NA;NA;NA;NA;NA;4312005
"232";"MARQUESDESOUZA";"RS";NA;NA;NA;NA;NA;NA;NA;NA;NA;NA;NA;NA;"150000";"700000";NA;NA;NA;NA;NA;NA;NA;NA;NA;NA;4312054
"233";"MATA";"RS";NA;NA;NA;NA;NA;NA;NA;NA;"300000";NA;NA;NA;NA;NA;NA;NA;NA;NA;NA;NA;NA;NA;NA;"239290";4312104
"234";"MATOCASTELHANO";"RS";NA;NA;NA;NA;NA;NA;NA;NA;"150000";"238750";NA;NA;"100000";"200000";NA;NA;NA;NA;NA;NA;NA;NA;NA;NA;4312138
"235";"MATOLEITAO";"RS";NA;NA;NA;NA;NA;NA;NA;NA;"200000";NA;NA;NA;"100000";"329000";NA;NA;NA;NA;NA;NA;NA;NA;NA;NA;4312153
"236";"MATOQUEIMADO";"RS";NA;NA;NA;NA;NA;NA;NA;NA;NA;NA;NA;NA;"100000";NA;NA;NA;NA;NA;NA;NA;NA;NA;NA;NA;4312179
"237";"MAXIMILIANODEALMEIDA";"RS";NA;NA;NA;NA;NA;NA;NA;NA;"250000";NA;NA;NA;NA;NA;NA;NA;NA;NA;NA;NA;NA;NA;NA;NA;4312203
"238";"MINASDOLEAO";"RS";NA;NA;NA;NA;NA;NA;NA;NA;NA;NA;NA;NA;NA;"600000";NA;NA;NA;NA;NA;NA;NA;NA;NA;NA;4312252
"239";"MIRAGUAI";"RS";NA;NA;NA;NA;NA;NA;NA;NA;"290000";NA;NA;NA;NA;NA;NA;NA;NA;NA;NA;NA;NA;NA;NA;NA;4312302
"240";"MONTAURI";"RS";NA;NA;NA;NA;NA;NA;NA;NA;"100000";NA;NA;NA;NA;"100000";NA;NA;NA;NA;NA;NA;NA;NA;NA;NA;4312351
"241";"MONTEALEGREDOSCAMPOS";"RS";NA;NA;NA;NA;NA;NA;NA;NA;"100000";NA;NA;NA;NA;NA;NA;NA;NA;NA;NA;NA;NA;NA;NA;NA;4312377
"242";"MONTEBELODOSUL";"RS";NA;NA;NA;NA;NA;NA;NA;NA;NA;NA;NA;NA;NA;NA;"550000";NA;NA;NA;NA;NA;NA;NA;NA;NA;4312385
"243";"MONTENEGRO";"RS";NA;NA;NA;NA;NA;NA;NA;NA;NA;NA;NA;NA;NA;NA;"1830001";NA;NA;NA;NA;NA;NA;NA;NA;NA;4312401
"244";"MORRINHOSDOSUL";"RS";NA;NA;NA;NA;NA;NA;NA;NA;NA;NA;NA;NA;NA;NA;"350000";NA;NA;NA;NA;NA;NA;NA;NA;NA;4312443
"245";"MORROREDONDO";"RS";NA;NA;NA;NA;NA;NA;NA;NA;"365793";NA;NA;NA;NA;NA;NA;NA;NA;NA;NA;NA;NA;NA;NA;NA;4312450
"246";"MORROREUTER";"RS";NA;NA;NA;NA;NA;NA;NA;NA;NA;NA;NA;NA;NA;NA;"900000";NA;NA;NA;NA;NA;NA;NA;NA;NA;4312476
"247";"MOSTARDAS";"RS";NA;NA;NA;NA;NA;NA;NA;NA;NA;NA;NA;NA;NA;"450000";NA;NA;NA;NA;NA;NA;NA;"50000";NA;NA;4312500
"248";"MUCUM";"RS";NA;NA;NA;NA;NA;NA;"400000";NA;NA;NA;NA;NA;NA;NA;"520000";NA;NA;NA;"423102";NA;NA;NA;NA;NA;4312609
"249";"MUITOSCAPOES";"RS";NA;NA;NA;NA;NA;NA;NA;NA;NA;NA;NA;NA;NA;NA;"200000";NA;NA;NA;NA;NA;NA;NA;NA;NA;4312617
"250";"MULITERNO";"RS";NA;NA;NA;NA;NA;NA;NA;NA;NA;NA;NA;NA;NA;NA;"150000";NA;NA;NA;NA;NA;NA;NA;NA;NA;4312625
"251";"NAOMETOQUE";"RS";NA;NA;"50000";NA;NA;NA;NA;NA;NA;NA;NA;NA;"550000";NA;NA;NA;NA;NA;NA;"50000";NA;NA;NA;NA;4312658
"252";"NICOLAUVERGUEIRO";"RS";NA;NA;NA;NA;NA;NA;NA;NA;NA;NA;NA;NA;NA;NA;"120000";NA;"422965";NA;NA;NA;NA;NA;NA;NA;4312674
"253";"NONOAI";"RS";NA;NA;NA;NA;NA;NA;NA;NA;NA;NA;NA;NA;NA;NA;"350000";NA;NA;NA;"400000";NA;NA;NA;NA;NA;4312708
"254";"NOVAALVORADA";"RS";NA;NA;NA;NA;NA;NA;NA;NA;NA;NA;NA;NA;"250000";NA;NA;NA;NA;NA;NA;NA;NA;NA;NA;"304800";4312757
"255";"NOVAARACA";"RS";NA;NA;NA;NA;NA;NA;NA;NA;NA;NA;NA;NA;"150000";"203000";NA;NA;NA;NA;NA;NA;NA;NA;NA;NA;4312807
"256";"NOVABASSANO";"RS";NA;NA;NA;NA;NA;NA;NA;NA;NA;NA;NA;NA;"846857";"784205";NA;NA;NA;NA;"8143";NA;NA;NA;NA;NA;4312906
"257";"NOVABOAVISTA";"RS";NA;NA;NA;NA;NA;NA;NA;NA;"100000";NA;NA;"413275";NA;NA;NA;NA;NA;NA;"323812";NA;NA;NA;NA;"23671";4312955
"258";"NOVABRESCIA";"RS";NA;NA;NA;NA;NA;NA;NA;NA;"100000";NA;NA;NA;NA;NA;NA;NA;NA;NA;"100000";NA;NA;NA;NA;NA;4313003
"259";"NOVACANDELARIA";"RS";NA;NA;NA;NA;NA;NA;"238750";NA;NA;NA;NA;NA;NA;NA;NA;NA;NA;NA;NA;NA;NA;NA;NA;NA;4313011
"260";"NOVAESPERANCADOSUL";"RS";NA;NA;NA;NA;NA;NA;NA;NA;"500000";NA;NA;NA;"100000";"100000";NA;NA;NA;NA;NA;NA;NA;NA;NA;NA;4313037
"261";"NOVAHARTZ";"RS";NA;NA;NA;NA;NA;NA;NA;NA;NA;NA;NA;NA;NA;NA;"730000";NA;NA;NA;"50000";NA;NA;NA;NA;NA;4313060
"262";"NOVAPADUA";"RS";NA;NA;NA;NA;NA;NA;NA;NA;NA;NA;NA;NA;NA;"206000";NA;NA;NA;NA;NA;NA;NA;NA;NA;NA;4313086
"263";"NOVAPALMA";"RS";NA;NA;NA;NA;NA;NA;NA;NA;NA;NA;NA;NA;"200000";NA;"450000";NA;NA;NA;NA;NA;NA;NA;NA;NA;4313102
"264";"NOVAPETROPOLIS";"RS";NA;NA;NA;NA;NA;NA;NA;NA;"806000";NA;NA;NA;NA;NA;NA;NA;NA;NA;"250000";"100000";NA;NA;NA;"198756";4313201
"265";"NOVAPRATA";"RS";NA;NA;NA;NA;NA;NA;"100000";NA;"400000";NA;NA;NA;NA;NA;NA;NA;NA;NA;"300000";NA;NA;NA;NA;"473812";4313300
"266";"NOVARAMADA";"RS";NA;NA;NA;NA;NA;NA;NA;NA;"350000";NA;NA;NA;NA;NA;"238750";NA;NA;NA;NA;NA;NA;NA;NA;NA;4313334
"267";"NOVAROMADOSUL";"RS";NA;NA;NA;NA;NA;NA;NA;NA;NA;NA;NA;NA;NA;NA;"220000";NA;NA;NA;NA;NA;NA;NA;NA;NA;4313359
"268";"NOVASANTARITA";"RS";NA;NA;NA;NA;NA;NA;NA;NA;NA;NA;NA;NA;NA;NA;"1690000";NA;NA;NA;NA;NA;NA;NA;NA;NA;4313375
"269";"NOVOBARREIRO";"RS";NA;NA;NA;NA;NA;NA;NA;NA;"350000";NA;NA;NA;NA;NA;NA;NA;NA;NA;NA;NA;NA;NA;NA;NA;4313490
"270";"NOVOCABRAIS";"RS";NA;NA;NA;NA;NA;NA;NA;NA;"340000";NA;NA;NA;NA;NA;NA;NA;NA;NA;NA;NA;NA;NA;NA;"83953";4313391
"271";"NOVOHAMBURGO";"RS";NA;NA;NA;NA;NA;NA;NA;NA;"700000";NA;NA;NA;"520000";NA;NA;NA;"90000";NA;"100000";NA;NA;NA;NA;"100000";4313409
"272";"NOVOMACHADO";"RS";NA;NA;NA;NA;NA;NA;NA;NA;NA;NA;NA;NA;NA;NA;"300000";NA;NA;NA;NA;NA;NA;NA;NA;NA;4313425
"273";"NOVOTIRADENTES";"RS";NA;NA;NA;NA;NA;NA;"238750";NA;NA;NA;NA;NA;NA;NA;"330000";NA;NA;NA;NA;NA;NA;NA;NA;NA;4313441
"274";"NOVOXINGU";"RS";NA;NA;NA;NA;NA;NA;NA;NA;"619782";NA;NA;NA;NA;NA;NA;NA;NA;NA;NA;NA;NA;NA;NA;"413275";4313466
"275";"OSORIO";"RS";NA;NA;NA;NA;NA;NA;NA;NA;NA;NA;NA;NA;NA;"400000";NA;NA;NA;NA;NA;"100000";NA;NA;NA;NA;4313508
"276";"PAIMFILHO";"RS";NA;NA;NA;NA;NA;NA;NA;NA;"650000";NA;NA;NA;NA;NA;NA;NA;NA;NA;NA;NA;NA;NA;NA;NA;4313607
"277";"PALMARESDOSUL";"RS";NA;NA;NA;NA;NA;NA;NA;NA;NA;NA;NA;NA;NA;NA;"550000";NA;NA;NA;NA;NA;NA;NA;NA;NA;4313656
"278";"PALMEIRADASMISSOES";"RS";NA;NA;NA;NA;NA;NA;NA;NA;NA;NA;NA;NA;NA;NA;"1940000";NA;NA;NA;"700000";NA;NA;NA;NA;NA;4313706
"279";"PALMITINHO";"RS";NA;NA;NA;NA;NA;NA;NA;NA;"380000";NA;NA;NA;NA;"50000";NA;NA;NA;NA;NA;NA;NA;NA;NA;NA;4313805
"280";"PANAMBI";"RS";NA;NA;NA;NA;NA;NA;NA;NA;NA;NA;NA;NA;NA;NA;"500000";NA;"110000";NA;"2970000";NA;NA;NA;NA;"484205";4313904
"281";"PANTANOGRANDE";"RS";NA;NA;NA;NA;NA;NA;NA;NA;"200000";NA;NA;NA;NA;NA;NA;NA;NA;NA;NA;NA;NA;NA;NA;"323812";4313953
"282";"PARAI";"RS";NA;NA;NA;NA;NA;NA;NA;NA;"650000";NA;NA;NA;NA;NA;NA;NA;"50000";NA;"426259";NA;NA;NA;NA;NA;4314001
"283";"PARECINOVO";"RS";NA;NA;NA;NA;NA;NA;NA;NA;"200000";NA;NA;NA;NA;NA;NA;NA;NA;NA;NA;NA;NA;NA;NA;NA;4314035
"284";"PAROBE";"RS";NA;NA;NA;NA;NA;NA;NA;NA;"500000";NA;NA;NA;NA;NA;NA;NA;NA;NA;NA;"50000";NA;NA;NA;NA;4314050
"285";"PASSASETE";"RS";NA;NA;NA;NA;NA;NA;NA;NA;NA;NA;NA;NA;NA;"1000000";NA;NA;NA;NA;NA;NA;NA;NA;NA;NA;4314068
"286";"PASSODOSOBRADO";"RS";NA;NA;NA;NA;NA;NA;NA;NA;"250000";NA;NA;NA;NA;NA;NA;NA;NA;NA;NA;NA;NA;NA;NA;NA;4314076
"287";"PASSOFUNDO";"RS";NA;NA;NA;NA;NA;NA;NA;NA;NA;NA;NA;NA;NA;NA;"850000";NA;NA;NA;NA;NA;NA;NA;NA;NA;4314100
"288";"PAULOBENTO";"RS";NA;NA;NA;NA;NA;NA;NA;NA;"489079";NA;NA;NA;NA;NA;NA;NA;NA;NA;NA;NA;NA;NA;NA;NA;4314134
"289";"PAVERAMA";"RS";NA;NA;NA;NA;NA;NA;NA;NA;NA;NA;"238750";NA;"100000";"700037";NA;NA;NA;NA;NA;NA;NA;NA;NA;NA;4314159
"290";"PEDRASALTAS";"RS";NA;NA;NA;NA;NA;NA;NA;NA;"431953";NA;NA;NA;NA;"100000";NA;NA;NA;NA;NA;NA;NA;NA;NA;NA;4314175
"291";"PEDROOSORIO";"RS";NA;NA;NA;NA;NA;NA;NA;NA;NA;NA;NA;NA;NA;"250000";NA;NA;NA;NA;NA;NA;NA;NA;NA;NA;4314209
"292";"PEJUCARA";"RS";NA;NA;NA;"50000";NA;NA;NA;NA;NA;NA;NA;NA;NA;"150000";NA;NA;NA;NA;NA;NA;NA;NA;NA;NA;4314308
"293";"PELOTAS";"RS";NA;NA;NA;NA;NA;NA;NA;NA;"1200000";NA;NA;NA;"6775000";NA;NA;NA;NA;NA;"80274";"200000";NA;NA;NA;NA;4314407
"294";"PICADACAFE";"RS";NA;NA;NA;NA;NA;NA;"191000";NA;NA;NA;NA;NA;NA;NA;"200000";NA;NA;NA;NA;NA;NA;NA;NA;"304800";4314423
"295";"PINHAL";"RS";NA;NA;NA;NA;NA;NA;"238750";NA;NA;NA;NA;NA;"100000";"570000";NA;NA;NA;NA;"22032";NA;NA;NA;NA;NA;4314456
"296";"PINHALDASERRA";"RS";NA;NA;NA;NA;NA;NA;NA;NA;NA;NA;NA;NA;"100000";NA;NA;NA;NA;NA;NA;NA;NA;NA;NA;"304800";4314464
"297";"PINHALGRANDE";"RS";NA;NA;NA;"191000";NA;NA;NA;NA;NA;NA;NA;NA;NA;NA;"250000";NA;NA;NA;NA;NA;NA;NA;NA;"304800";4314472
"298";"PINHEIRINHODOVALE";"RS";NA;NA;NA;NA;NA;NA;NA;NA;"50000";"191000";NA;NA;"100000";"130000";NA;NA;NA;NA;NA;NA;NA;NA;NA;NA;4314498
"299";"PINHEIROMACHADO";"RS";NA;NA;NA;NA;NA;NA;NA;NA;NA;NA;NA;NA;NA;NA;"150000";NA;NA;NA;NA;NA;NA;NA;NA;NA;4314506
"300";"PINTOBANDEIRA";"RS";NA;NA;NA;NA;NA;NA;NA;NA;NA;NA;NA;NA;NA;NA;"270000";NA;NA;NA;NA;NA;NA;NA;NA;NA;4314548
"301";"PIRAPO";"RS";NA;NA;NA;NA;NA;NA;NA;NA;"150000";NA;NA;NA;"200000";NA;NA;NA;NA;NA;NA;NA;NA;NA;NA;NA;4314555
"302";"PIRATINI";"RS";NA;NA;NA;NA;NA;NA;NA;NA;"120000";NA;NA;NA;"100000";"400000";NA;NA;NA;NA;NA;NA;NA;NA;NA;NA;4314605
"303";"PLANALTO";"RS";NA;NA;NA;NA;NA;NA;NA;NA;"800000";NA;NA;NA;NA;NA;NA;NA;NA;NA;NA;NA;NA;NA;NA;NA;4314704
"304";"POCODASANTAS";"RS";NA;NA;NA;NA;NA;NA;NA;NA;NA;NA;NA;NA;NA;NA;"222810";NA;NA;NA;NA;NA;NA;NA;NA;NA;4314753
"305";"PONTAO";"RS";NA;NA;NA;NA;NA;NA;NA;NA;"1000000";NA;NA;NA;NA;NA;NA;NA;NA;NA;"40350";NA;NA;NA;NA;"563052";4314779
"306";"PONTEPRETA";"RS";NA;NA;NA;NA;NA;NA;NA;NA;NA;NA;NA;NA;NA;NA;"578311";NA;NA;NA;NA;NA;NA;NA;NA;"384205";4314787
"307";"PORTAO";"RS";NA;NA;NA;NA;NA;NA;NA;NA;"410000";NA;NA;NA;NA;"500000";NA;NA;NA;NA;NA;NA;NA;NA;NA;NA;4314803
"308";"PORTOALEGRE";"RS";NA;NA;NA;NA;NA;NA;NA;NA;NA;NA;NA;NA;NA;"600000";"4733948";NA;"700000";NA;"17189906";NA;"100000";"250000";NA;NA;4314902
"309";"PORTOMAUA";"RS";NA;NA;NA;NA;NA;NA;NA;NA;NA;NA;NA;NA;NA;NA;NA;NA;NA;NA;"350000";NA;NA;NA;NA;NA;4315057
"310";"PORTOXAVIER";"RS";NA;NA;NA;NA;NA;NA;NA;NA;NA;NA;NA;NA;NA;"1250000";NA;NA;NA;NA;NA;NA;NA;NA;NA;NA;4315107
"311";"POUSONOVO";"RS";NA;NA;NA;NA;NA;NA;NA;NA;NA;"238750";NA;NA;NA;"120000";NA;NA;NA;NA;NA;NA;NA;NA;NA;"304800";4315131
"312";"PROGRESSO";"RS";NA;NA;NA;NA;NA;NA;NA;NA;"250000";NA;NA;NA;NA;"130000";NA;NA;NA;NA;NA;NA;NA;NA;NA;NA;4315156
"313";"PROTASIOALVES";"RS";NA;NA;NA;NA;NA;NA;NA;NA;NA;NA;NA;NA;"200000";"100000";NA;NA;NA;NA;NA;NA;NA;NA;NA;NA;4315172
"314";"PUTINGA";"RS";NA;NA;NA;NA;NA;NA;NA;NA;NA;"238750";NA;NA;"200000";"121851";NA;NA;NA;NA;NA;NA;NA;NA;NA;"304800";4315206
"315";"QUARAI";"RS";NA;NA;NA;NA;NA;NA;NA;NA;NA;NA;NA;NA;NA;"600000";NA;"50000";"100000";NA;NA;NA;NA;NA;NA;NA;4315305
"316";"QUATROIRMAOS";"RS";NA;NA;NA;NA;NA;NA;NA;NA;NA;NA;NA;NA;NA;"150000";NA;NA;NA;NA;NA;NA;NA;NA;NA;"304800";4315313
"317";"QUEVEDOS";"RS";NA;NA;NA;NA;NA;NA;NA;NA;NA;NA;NA;NA;"120000";NA;NA;NA;NA;NA;NA;NA;NA;NA;NA;NA;4315321
"318";"QUINZEDENOVEMBRO";"RS";NA;NA;NA;NA;NA;NA;NA;NA;NA;NA;NA;NA;"520000";NA;NA;NA;NA;NA;NA;NA;NA;NA;NA;NA;4315354
"319";"REDENTORA";"RS";NA;NA;NA;NA;NA;NA;NA;NA;NA;NA;NA;NA;NA;"300000";NA;NA;NA;NA;NA;NA;NA;NA;NA;NA;4315404
"320";"RELVADO";"RS";NA;NA;NA;NA;NA;NA;NA;NA;"200000";NA;NA;NA;NA;NA;NA;NA;NA;NA;NA;NA;NA;NA;NA;"389800";4315453
"321";"RESTINGASECA";"RS";NA;NA;NA;NA;NA;NA;NA;NA;NA;NA;NA;NA;NA;"200000";NA;NA;"200000";NA;NA;NA;NA;NA;NA;NA;4315503
"322";"RIODOSINDIOS";"RS";NA;NA;NA;NA;NA;NA;NA;NA;NA;"286500";NA;NA;NA;NA;"100000";NA;NA;NA;NA;NA;NA;NA;NA;NA;4315552
"323";"RIOGRANDE";"RS";NA;NA;NA;NA;NA;NA;NA;NA;"700000";NA;NA;NA;NA;NA;NA;"250000";NA;NA;"2257036";NA;NA;NA;NA;"4354579";4315602
"324";"RIOPARDO";"RS";NA;"150000";NA;NA;NA;NA;NA;NA;NA;NA;NA;NA;NA;NA;"350000";NA;"50000";NA;NA;NA;NA;NA;NA;NA;4315701
"325";"RIOZINHO";"RS";NA;NA;NA;NA;NA;NA;NA;NA;"520000";NA;NA;NA;NA;NA;"311192";NA;NA;NA;NA;NA;NA;NA;NA;NA;4315750
"326";"ROCASALES";"RS";NA;NA;NA;NA;NA;NA;NA;NA;"900000";NA;NA;NA;NA;NA;NA;NA;NA;NA;NA;"200000";NA;NA;NA;"874294";4315800
"327";"RODEIOBONITO";"RS";NA;NA;NA;NA;NA;NA;NA;NA;NA;NA;NA;NA;"100000";"650000";NA;NA;NA;NA;NA;NA;NA;NA;NA;NA;4315909
"328";"ROLADOR";"RS";NA;NA;NA;NA;NA;NA;NA;NA;"500000";NA;NA;NA;NA;NA;NA;NA;NA;NA;NA;NA;NA;NA;NA;NA;4315958
"329";"ROLANTE";"RS";NA;NA;NA;NA;NA;NA;NA;NA;NA;NA;NA;NA;"500000";NA;NA;NA;"238750";NA;NA;NA;NA;NA;NA;NA;4316006
"330";"RONDAALTA";"RS";NA;NA;NA;NA;NA;NA;NA;NA;NA;NA;NA;NA;NA;NA;"750000";NA;NA;NA;"300000";NA;NA;NA;NA;NA;4316105
"331";"RONDINHA";"RS";NA;NA;NA;NA;NA;NA;NA;NA;"350000";NA;NA;NA;NA;NA;NA;NA;NA;NA;"349698";NA;NA;NA;NA;NA;4316204
"332";"ROQUEGONZALES";"RS";NA;NA;NA;NA;NA;NA;NA;NA;NA;NA;NA;NA;"300000";NA;NA;NA;NA;NA;NA;NA;NA;NA;NA;NA;4316303
"333";"ROSARIODOSUL";"RS";NA;NA;NA;NA;NA;NA;NA;NA;NA;NA;NA;NA;NA;"100000";NA;NA;NA;NA;NA;NA;NA;NA;NA;NA;4316402
"334";"SAGRADAFAMILIA";"RS";NA;NA;NA;NA;NA;NA;NA;NA;"500000";NA;NA;NA;NA;NA;"100000";NA;NA;NA;NA;NA;NA;NA;NA;NA;4316428
"335";"SALDANHAMARINHO";"RS";NA;NA;NA;NA;NA;NA;NA;NA;NA;NA;NA;NA;NA;"450000";NA;NA;NA;NA;NA;NA;NA;NA;NA;NA;4316436
"336";"SALTODOJACUI";"RS";NA;NA;NA;NA;NA;NA;NA;NA;NA;NA;NA;NA;NA;"200000";NA;NA;NA;NA;NA;NA;NA;NA;NA;"16319";4316451
"337";"SALVADORDASMISSOES";"RS";NA;NA;NA;NA;NA;NA;NA;NA;NA;NA;NA;NA;"350000";NA;NA;NA;NA;NA;NA;NA;NA;NA;NA;"170000";4316477
"338";"SALVADORDOSUL";"RS";NA;NA;NA;NA;NA;NA;NA;NA;NA;NA;NA;NA;NA;NA;"600000";NA;NA;NA;NA;NA;NA;NA;NA;NA;4316501
"339";"SANANDUVA";"RS";NA;NA;NA;NA;NA;NA;NA;NA;"350000";NA;NA;NA;"250000";NA;NA;NA;NA;NA;NA;NA;NA;NA;NA;NA;4316600
"340";"SANTABARBARADOSUL";"RS";NA;NA;NA;NA;NA;NA;NA;NA;"250000";NA;NA;NA;NA;NA;NA;NA;NA;NA;NA;NA;NA;NA;NA;"304800";4316709
"341";"SANTACECILIADOSUL";"RS";NA;NA;NA;NA;NA;NA;NA;NA;"300000";NA;NA;NA;NA;"104420";NA;NA;NA;NA;NA;NA;NA;NA;NA;NA;4316733
"342";"SANTACLARADOSUL";"RS";NA;NA;NA;NA;NA;NA;NA;NA;NA;NA;NA;NA;"270000";NA;NA;NA;NA;NA;NA;NA;NA;NA;NA;NA;4316758
"343";"SANTACRUZDOSUL";"RS";NA;NA;NA;NA;NA;NA;"50000";NA;"200000";NA;NA;NA;"700000";"9150000";"250000";NA;NA;NA;"1000000";"900000";NA;NA;NA;"100000";4316808
"344";"SANTAMARIA";"RS";NA;NA;NA;NA;NA;NA;NA;NA;"200000";NA;NA;NA;NA;"150000";"525250";"90000";NA;NA;NA;NA;NA;NA;NA;NA;4316907
"345";"SANTAMARIADOHERVAL";"RS";NA;NA;NA;NA;NA;NA;NA;NA;NA;NA;NA;NA;NA;NA;"400000";NA;NA;NA;NA;NA;NA;NA;NA;NA;4316956
"346";"SANTANADABOAVISTA";"RS";NA;NA;NA;NA;NA;NA;NA;NA;NA;NA;NA;NA;"100000";NA;NA;NA;NA;NA;NA;NA;NA;NA;NA;NA;4317004
"347";"SANTANADOLIVRAMENTO";"RS";NA;NA;NA;NA;NA;NA;NA;NA;NA;NA;NA;NA;NA;NA;"2150000";NA;NA;NA;"923812";NA;NA;NA;NA;NA;4317103
"348";"SANTAROSA";"RS";NA;NA;NA;NA;NA;NA;NA;NA;NA;NA;NA;NA;"2300000";"300000";NA;NA;NA;"150000";NA;NA;NA;"317000";NA;NA;4317202
"349";"SANTATEREZA";"RS";NA;NA;NA;NA;NA;NA;NA;NA;NA;"238750";NA;NA;"200000";NA;NA;NA;NA;NA;NA;NA;NA;NA;NA;NA;4317251
"350";"SANTAVITORIADOPALMAR";"RS";NA;NA;NA;NA;NA;NA;NA;NA;"1000000";NA;NA;NA;NA;NA;NA;NA;NA;NA;NA;"50000";NA;NA;NA;NA;4317301
"351";"SANTIAGO";"RS";NA;NA;NA;NA;NA;NA;NA;NA;NA;NA;NA;NA;NA;"100000";NA;NA;NA;NA;NA;NA;NA;NA;NA;NA;4317400
"352";"SANTOANGELO";"RS";NA;NA;NA;NA;NA;NA;"150000";NA;"470000";NA;NA;NA;NA;NA;NA;NA;NA;NA;NA;NA;NA;NA;NA;NA;4317509
"353";"SANTOANTONIODAPATRULHA";"RS";NA;NA;NA;NA;NA;NA;NA;NA;NA;NA;NA;"477500";NA;"100000";NA;NA;NA;NA;NA;NA;"238750";NA;NA;"388753";4317608
"354";"SANTOANTONIODASMISSOES";"RS";NA;NA;NA;NA;NA;NA;NA;NA;"700000";NA;NA;NA;NA;NA;NA;NA;NA;NA;NA;NA;NA;NA;NA;"351976";4317707
"355";"SANTOANTONIODOPALMA";"RS";NA;NA;NA;NA;NA;NA;NA;NA;NA;NA;NA;NA;NA;"300000";NA;NA;NA;NA;NA;NA;NA;NA;NA;NA;4317558
"356";"SANTOANTONIODOPLANALTO";"RS";NA;NA;NA;NA;NA;NA;NA;NA;"300000";NA;NA;NA;"382000";NA;NA;NA;NA;NA;NA;NA;NA;NA;NA;"247283";4317756
"357";"SANTOAUGUSTO";"RS";NA;NA;NA;NA;NA;NA;NA;NA;NA;NA;NA;NA;NA;NA;"238750";NA;NA;NA;NA;NA;NA;NA;NA;"400000";4317806
"358";"SANTOCRISTO";"RS";NA;NA;NA;NA;NA;NA;NA;NA;NA;NA;NA;NA;NA;"100000";NA;NA;NA;NA;NA;NA;NA;NA;NA;NA;4317905
"359";"SAOBORJA";"RS";NA;NA;NA;NA;NA;NA;"1000000";NA;NA;NA;NA;NA;NA;NA;"400000";NA;NA;NA;NA;NA;NA;NA;NA;NA;4318002
"360";"SAODOMINGOSDOSUL";"RS";NA;NA;NA;NA;NA;NA;NA;NA;"100000";NA;NA;NA;NA;NA;NA;NA;NA;NA;NA;NA;NA;NA;NA;NA;4318051
"361";"SAOFRANCISCODEASSIS";"RS";NA;NA;NA;NA;NA;NA;NA;NA;"650000";NA;NA;NA;NA;NA;NA;NA;NA;NA;NA;NA;NA;NA;NA;NA;4318101
"362";"SAOFRANCISCODEPAULA";"RS";NA;NA;NA;NA;NA;NA;NA;NA;"850000";NA;NA;NA;NA;NA;NA;NA;NA;NA;NA;NA;NA;NA;NA;NA;4318200
"363";"SAOGABRIEL";"RS";NA;NA;NA;NA;NA;NA;NA;NA;"550000";NA;NA;NA;NA;NA;NA;NA;NA;NA;NA;NA;NA;NA;NA;NA;4318309
"364";"SAOJERONIMO";"RS";NA;NA;NA;NA;NA;NA;NA;NA;NA;NA;NA;NA;NA;NA;"600000";NA;NA;NA;NA;NA;NA;NA;NA;NA;4318408
"365";"SAOJOAODAURTIGA";"RS";NA;NA;NA;NA;NA;NA;NA;NA;NA;NA;NA;NA;"70000";NA;NA;NA;NA;NA;NA;NA;NA;NA;NA;NA;4318424
"366";"SAOJORGE";"RS";NA;NA;NA;NA;NA;NA;NA;NA;"500000";NA;NA;NA;NA;NA;"11992";NA;NA;NA;NA;NA;NA;NA;NA;NA;4318440
"367";"SAOJOSEDOHERVAL";"RS";NA;NA;NA;NA;NA;NA;NA;NA;"200000";NA;NA;NA;NA;NA;NA;NA;NA;NA;NA;NA;NA;NA;NA;"323812";4318465
"368";"SAOJOSEDONORTE";"RS";NA;NA;NA;NA;NA;NA;NA;NA;NA;NA;NA;NA;"550000";NA;NA;NA;NA;NA;NA;NA;NA;NA;NA;NA;4318507
"369";"SAOJOSEDOOURO";"RS";NA;NA;NA;NA;NA;NA;"191000";NA;NA;NA;NA;NA;NA;NA;"100000";NA;NA;NA;NA;NA;NA;NA;NA;"15413";4318606
"370";"SAOJOSEDOSAUSENTES";"RS";NA;NA;NA;NA;NA;NA;NA;NA;NA;NA;NA;NA;NA;NA;"550000";NA;NA;NA;NA;NA;NA;NA;NA;NA;4318622
"371";"SAOLEOPOLDO";"RS";NA;NA;NA;NA;NA;NA;NA;NA;"2050000";NA;NA;NA;"1573000";NA;NA;NA;"200000";NA;"269773";NA;NA;NA;NA;"771898";4318705
"372";"SAOLOURENCODOSUL";"RS";NA;NA;NA;NA;NA;NA;NA;NA;NA;NA;NA;NA;"400000";NA;NA;NA;NA;NA;NA;NA;NA;NA;NA;NA;4318804
"373";"SAOLUIZGONZAGA";"RS";"90000";NA;NA;NA;NA;NA;NA;NA;NA;NA;NA;NA;NA;"400000";NA;NA;NA;NA;NA;NA;NA;NA;NA;"323812";4318903
"374";"SAOMARCOS";"RS";NA;NA;NA;NA;NA;NA;NA;NA;NA;NA;NA;NA;NA;NA;"600000";"437000";NA;NA;"250000";NA;NA;NA;NA;NA;4319000
"375";"SAOMARTINHO";"RS";NA;NA;NA;NA;NA;NA;NA;NA;NA;NA;NA;NA;NA;"200000";NA;NA;NA;NA;"85298";NA;NA;NA;NA;"304800";4319109
"376";"SAOMARTINHODASERRA";"RS";NA;NA;NA;NA;NA;NA;NA;NA;"80000";NA;NA;NA;NA;"200000";NA;NA;NA;NA;NA;NA;NA;NA;NA;NA;4319125
"377";"SAOMIGUELDASMISSOES";"RS";NA;NA;NA;NA;NA;NA;NA;NA;NA;NA;NA;NA;NA;"250000";NA;NA;NA;NA;NA;NA;NA;NA;NA;NA;4319158
"378";"SAONICOLAU";"RS";NA;NA;NA;NA;NA;NA;NA;NA;"400000";NA;NA;NA;NA;NA;NA;NA;NA;NA;NA;NA;NA;NA;NA;NA;4319208
"379";"SAOPAULODASMISSOES";"RS";NA;NA;NA;NA;NA;NA;NA;NA;NA;NA;NA;NA;NA;"100000";NA;NA;NA;NA;NA;NA;NA;NA;NA;NA;4319307
"380";"SAOPEDRODASERRA";"RS";NA;NA;NA;NA;NA;NA;NA;NA;NA;NA;NA;NA;NA;NA;"150000";NA;NA;NA;NA;NA;NA;NA;NA;NA;4319356
"381";"SAOPEDRODOBUTIA";"RS";NA;NA;NA;NA;NA;NA;NA;NA;"190000";NA;NA;NA;NA;NA;NA;NA;NA;NA;NA;NA;NA;NA;NA;NA;4319372
"382";"SAOPEDRODOSUL";"RS";NA;NA;NA;NA;NA;NA;NA;NA;"800000";NA;NA;NA;NA;NA;NA;NA;NA;NA;NA;NA;NA;NA;NA;NA;4319406
"383";"SAOSEPE";"RS";NA;NA;NA;NA;NA;NA;NA;NA;NA;NA;NA;NA;NA;NA;"600000";NA;NA;NA;NA;NA;NA;NA;NA;NA;4319604
"384";"SAOVALENTIM";"RS";NA;NA;NA;NA;NA;NA;NA;NA;"250000";NA;NA;NA;NA;NA;NA;NA;NA;NA;NA;NA;NA;NA;NA;NA;4319703
"385";"SAOVALENTIMDOSUL";"RS";NA;NA;NA;NA;NA;NA;NA;NA;NA;"238750";NA;NA;NA;NA;"450000";NA;NA;NA;NA;NA;NA;NA;NA;NA;4319711
"386";"SAOVENDELINO";"RS";NA;NA;NA;NA;NA;NA;NA;NA;NA;NA;NA;NA;NA;NA;"291793";NA;NA;NA;NA;NA;NA;NA;NA;"299823";4319752
"387";"SAOVICENTEDOSUL";"RS";NA;NA;NA;NA;NA;NA;NA;NA;"350000";NA;NA;NA;NA;NA;NA;NA;NA;NA;NA;NA;NA;NA;NA;"83953";4319802
"388";"SAPIRANGA";"RS";NA;NA;NA;NA;NA;NA;NA;NA;NA;"238750";NA;NA;NA;"900000";NA;NA;NA;NA;NA;NA;NA;"50000";NA;"611000";4319901
"389";"SAPUCAIADOSUL";"RS";NA;NA;NA;NA;NA;NA;NA;NA;NA;NA;NA;NA;NA;"300000";"300000";NA;NA;NA;"1000000";NA;NA;NA;NA;"669977";4320008
"390";"SARANDI";"RS";NA;NA;NA;NA;NA;NA;NA;NA;"500000";NA;NA;NA;NA;"300000";NA;NA;NA;NA;NA;NA;NA;NA;NA;"249981";4320107
"391";"SEBERI";"RS";NA;NA;NA;NA;NA;NA;NA;NA;NA;NA;NA;NA;"250000";"280000";NA;NA;"50000";NA;"502750";NA;NA;NA;NA;NA;4320206
"392";"SEDENOVA";"RS";NA;NA;NA;NA;NA;NA;NA;NA;"200000";NA;NA;NA;NA;NA;NA;NA;NA;NA;NA;NA;NA;NA;NA;"254935";4320230
"393";"SEGREDO";"RS";NA;NA;NA;NA;NA;NA;NA;NA;"480000";NA;NA;NA;NA;NA;NA;NA;NA;NA;NA;NA;NA;NA;NA;NA;4320263
"394";"SENADORSALGADOFILHO";"RS";NA;NA;NA;NA;NA;NA;NA;NA;"150000";NA;NA;NA;NA;NA;NA;NA;NA;NA;NA;NA;NA;NA;NA;"384205";4320321
"395";"SENTINELADOSUL";"RS";NA;NA;NA;NA;NA;NA;NA;NA;"640000";NA;NA;NA;NA;NA;NA;NA;NA;NA;NA;NA;NA;NA;NA;NA;4320354
"396";"SERAFINACORREA";"RS";NA;NA;NA;NA;NA;NA;NA;"150000";NA;NA;NA;"384205";"886585";"773000";NA;NA;NA;NA;NA;NA;NA;NA;NA;NA;4320404
"397";"SERIO";"RS";NA;NA;NA;NA;NA;NA;NA;NA;"150000";"191000";NA;NA;NA;NA;NA;NA;NA;NA;NA;NA;NA;NA;NA;NA;4320453
"398";"SERTAO";"RS";NA;NA;NA;NA;NA;NA;NA;NA;NA;NA;NA;NA;NA;NA;NA;NA;NA;NA;NA;NA;NA;NA;NA;"149918";4320503
"399";"SERTAOSANTANA";"RS";NA;NA;NA;NA;NA;NA;NA;NA;"170000";NA;NA;NA;NA;NA;NA;NA;NA;NA;NA;NA;NA;NA;NA;"323812";4320552
"400";"SETEDESETEMBRO";"RS";NA;NA;NA;NA;NA;NA;NA;NA;NA;NA;NA;NA;NA;NA;"540000";NA;NA;NA;NA;NA;NA;NA;NA;NA;4320578
"401";"SEVERIANODEALMEIDA";"RS";NA;NA;NA;NA;NA;NA;NA;NA;NA;NA;NA;NA;NA;"135794";NA;NA;NA;NA;NA;NA;NA;NA;NA;NA;4320602
"402";"SILVEIRAMARTINS";"RS";NA;NA;NA;NA;NA;NA;NA;NA;"300000";NA;NA;NA;NA;NA;NA;NA;NA;NA;NA;NA;NA;NA;NA;NA;4320651
"403";"SINIMBU";"RS";NA;NA;NA;NA;NA;NA;NA;NA;NA;NA;NA;"413275";"450000";NA;NA;NA;NA;NA;NA;NA;NA;NA;NA;NA;4320677
"404";"SOBRADINHO";"RS";NA;NA;NA;NA;NA;NA;NA;NA;NA;NA;NA;NA;NA;NA;"1500000";NA;NA;NA;NA;"50000";NA;NA;NA;"185200";4320701
"405";"SOLEDADE";"RS";NA;NA;NA;NA;NA;NA;NA;NA;"950000";NA;NA;NA;NA;NA;NA;NA;NA;NA;NA;NA;NA;NA;NA;NA;4320800
"406";"TABAI";"RS";NA;NA;NA;NA;NA;NA;NA;NA;"100000";NA;NA;NA;NA;NA;NA;NA;NA;NA;NA;NA;NA;NA;NA;"239282";4320859
"407";"TAPEJARA";"RS";NA;NA;NA;NA;NA;NA;NA;NA;NA;NA;NA;NA;NA;NA;"800000";NA;NA;NA;"50000";NA;NA;NA;NA;NA;4320909
"408";"TAPERA";"RS";NA;NA;NA;NA;NA;NA;NA;NA;"400000";NA;NA;NA;"150000";"150000";NA;NA;NA;NA;NA;NA;NA;NA;NA;NA;4321006
"409";"TAPES";"RS";NA;NA;NA;NA;NA;NA;"100000";NA;NA;NA;NA;NA;NA;"300000";NA;NA;NA;NA;NA;NA;NA;NA;NA;NA;4321105
"410";"TAQUARA";"RS";NA;NA;NA;NA;NA;NA;NA;NA;"1900000";NA;NA;NA;NA;NA;"500000";NA;NA;"50000";NA;NA;NA;NA;NA;NA;4321204
"411";"TAQUARI";"RS";NA;NA;NA;NA;NA;NA;NA;NA;NA;NA;NA;NA;"425000";NA;NA;"50000";"50000";NA;NA;NA;NA;NA;NA;"99278";4321303
"412";"TAQUARUCUDOSUL";"RS";NA;NA;NA;NA;NA;NA;NA;NA;NA;NA;NA;NA;NA;NA;"690326";NA;NA;NA;NA;NA;NA;NA;NA;NA;4321329
"413";"TAVARES";"RS";NA;NA;NA;NA;NA;NA;NA;NA;"400000";NA;NA;NA;NA;NA;NA;NA;NA;NA;NA;NA;NA;NA;NA;"576599";4321352
"414";"TENENTEPORTELA";"RS";NA;NA;NA;NA;NA;NA;NA;NA;"690000";NA;NA;NA;NA;NA;NA;NA;NA;NA;NA;NA;NA;NA;NA;NA;4321402
"415";"TERRADEAREIA";"RS";NA;NA;NA;NA;NA;NA;NA;NA;"150000";NA;NA;NA;NA;NA;NA;NA;NA;NA;NA;"50000";NA;NA;NA;NA;4321436
"416";"TEUTONIA";"RS";NA;NA;NA;NA;NA;NA;NA;NA;"400000";NA;NA;NA;"200000";"550000";NA;NA;NA;NA;NA;NA;NA;"100000";NA;NA;4321451
"417";"TIOHUGO";"RS";NA;NA;NA;NA;NA;NA;NA;NA;"300000";NA;NA;NA;NA;NA;NA;NA;NA;NA;NA;NA;NA;NA;NA;"15575";4321469
"418";"TIRADENTESDOSUL";"RS";NA;NA;NA;NA;NA;NA;NA;NA;"800000";NA;NA;NA;NA;NA;NA;NA;NA;NA;NA;NA;NA;NA;NA;NA;4321477
"419";"TOROPI";"RS";NA;NA;NA;NA;NA;NA;NA;NA;NA;NA;NA;NA;NA;"250000";NA;NA;NA;NA;NA;NA;NA;NA;NA;NA;4321493
"420";"TORRES";"RS";NA;NA;NA;NA;NA;NA;NA;NA;NA;NA;NA;NA;NA;"650000";NA;NA;NA;NA;NA;"150000";NA;NA;NA;NA;4321501
"421";"TRAMANDAI";"RS";NA;NA;NA;NA;NA;NA;NA;NA;NA;NA;NA;NA;"500000";NA;NA;NA;NA;NA;NA;NA;NA;NA;NA;"271799";4321600
"422";"TRAVESSEIRO";"RS";NA;NA;NA;NA;NA;NA;NA;NA;"200000";NA;NA;NA;"100000";NA;NA;NA;NA;NA;NA;NA;NA;NA;NA;NA;4321626
"423";"TRESARROIOS";"RS";NA;NA;NA;NA;NA;NA;NA;NA;"100000";NA;NA;NA;"100000";"200000";"100000";NA;NA;NA;NA;NA;NA;NA;NA;NA;4321634
"424";"TRESCACHOEIRAS";"RS";NA;NA;NA;NA;NA;NA;NA;NA;"1300000";NA;NA;NA;NA;NA;NA;NA;NA;NA;NA;"50000";NA;NA;NA;NA;4321667
"425";"TRESCOROAS";"RS";NA;NA;NA;NA;NA;NA;NA;NA;NA;NA;NA;NA;"270000";NA;NA;"413275";NA;NA;NA;NA;NA;NA;NA;NA;4321709
"426";"TRESDEMAIO";"RS";NA;NA;NA;NA;NA;NA;NA;NA;NA;NA;NA;NA;NA;"900000";NA;NA;NA;NA;NA;NA;NA;NA;NA;NA;4321808
"427";"TRESFORQUILHAS";"RS";NA;NA;NA;NA;NA;NA;NA;NA;NA;NA;NA;NA;NA;"100000";NA;NA;NA;NA;NA;NA;NA;NA;NA;NA;4321832
"428";"TRESPALMEIRAS";"RS";NA;NA;NA;NA;NA;NA;NA;NA;"820000";NA;NA;NA;NA;NA;NA;NA;NA;NA;NA;NA;NA;NA;NA;NA;4321857
"429";"TRESPASSOS";"RS";NA;NA;NA;NA;NA;NA;NA;NA;"150000";NA;NA;NA;NA;"350000";NA;NA;NA;NA;NA;NA;NA;NA;NA;NA;4321907
"430";"TRINDADEDOSUL";"RS";NA;NA;NA;NA;NA;NA;NA;NA;"850000";NA;NA;NA;NA;NA;NA;NA;NA;NA;NA;NA;NA;NA;NA;NA;4321956
"431";"TRIUNFO";"RS";NA;NA;NA;NA;NA;NA;NA;NA;NA;NA;NA;NA;NA;NA;NA;NA;NA;NA;"200000";NA;NA;NA;NA;NA;4322004
"432";"TUCUNDUVA";"RS";NA;NA;NA;NA;NA;NA;NA;NA;"180000";NA;NA;NA;NA;NA;NA;NA;NA;NA;NA;NA;NA;NA;NA;"304800";4322103
"433";"TUNAS";"RS";NA;NA;NA;NA;NA;NA;NA;NA;NA;NA;NA;NA;NA;NA;"500000";NA;NA;NA;NA;NA;NA;NA;NA;NA;4322152
"434";"TUPANCIDOSUL";"RS";NA;NA;NA;NA;NA;NA;NA;NA;"51700";NA;NA;NA;NA;"350000";NA;NA;NA;NA;NA;NA;NA;NA;NA;NA;4322186
"435";"TUPANCIRETA";"RS";NA;NA;NA;NA;NA;NA;NA;NA;NA;NA;NA;NA;"500000";NA;NA;NA;NA;NA;NA;NA;NA;NA;NA;NA;4322202
"436";"TUPANDI";"RS";NA;NA;NA;NA;NA;NA;NA;NA;NA;NA;NA;NA;NA;NA;"400000";NA;NA;NA;NA;NA;NA;NA;NA;NA;4322251
"437";"TUPARENDI";"RS";NA;NA;NA;NA;NA;NA;NA;NA;"250000";NA;NA;NA;NA;NA;NA;NA;NA;NA;NA;NA;NA;NA;NA;NA;4322301
"438";"TURUCU";"RS";NA;NA;NA;"191000";NA;NA;NA;NA;"100000";NA;NA;NA;NA;"350000";NA;NA;NA;NA;NA;NA;NA;NA;NA;NA;4322327
"439";"UBIRETAMA";"RS";NA;NA;NA;NA;NA;NA;"238750";NA;NA;NA;NA;NA;"100000";"300000";NA;NA;NA;NA;NA;NA;NA;NA;NA;NA;4322343
"440";"URUGUAIANA";"RS";NA;NA;NA;NA;NA;NA;NA;NA;NA;NA;NA;NA;NA;NA;"100000";NA;NA;NA;NA;NA;NA;NA;NA;NA;4322400
"441";"VACARIA";"RS";NA;NA;NA;NA;NA;NA;NA;NA;"1100000";NA;NA;NA;"940000";NA;NA;NA;NA;NA;"450000";"100000";NA;"150000";NA;NA;4322509
"442";"VALEDOSOL";"RS";NA;NA;NA;NA;NA;NA;NA;NA;"450000";NA;NA;NA;NA;NA;NA;NA;NA;NA;NA;NA;NA;NA;NA;"304800";4322533
"443";"VALEREAL";"RS";NA;NA;NA;NA;NA;NA;NA;NA;NA;NA;NA;NA;NA;NA;"350000";NA;NA;NA;NA;NA;NA;NA;NA;NA;4322541
"444";"VALEVERDE";"RS";NA;NA;NA;NA;NA;NA;NA;NA;"530000";NA;NA;NA;NA;NA;NA;NA;NA;NA;NA;NA;NA;NA;NA;NA;4322525
"445";"VANINI";"RS";NA;NA;NA;NA;NA;NA;"238750";NA;"100000";NA;NA;NA;"230000";"100000";NA;NA;NA;NA;NA;NA;NA;NA;NA;NA;4322558
"446";"VENANCIOAIRES";"RS";NA;NA;NA;NA;NA;NA;NA;NA;"1100000";NA;NA;NA;"750000";NA;NA;NA;NA;NA;"200000";NA;NA;NA;NA;"88207";4322608
"447";"VERACRUZ";"RS";NA;NA;NA;NA;NA;NA;NA;NA;"1500000";NA;NA;NA;NA;NA;NA;NA;NA;NA;NA;NA;NA;NA;NA;NA;4322707
"448";"VERANOPOLIS";"RS";NA;NA;NA;NA;NA;NA;NA;NA;"400000";NA;NA;NA;NA;NA;NA;NA;NA;NA;"1439000";NA;NA;NA;NA;NA;4322806
"449";"VESPASIANOCORREA";"RS";NA;NA;NA;NA;NA;NA;NA;NA;NA;NA;NA;NA;NA;NA;"150000";NA;NA;NA;NA;NA;NA;NA;NA;NA;4322855
"450";"VIADUTOS";"RS";NA;NA;NA;NA;NA;NA;NA;NA;NA;NA;NA;NA;NA;NA;"400000";NA;NA;NA;NA;NA;NA;NA;NA;"384205";4322905
"451";"VIAMAO";"RS";NA;NA;NA;NA;NA;NA;NA;NA;"350000";NA;NA;NA;NA;NA;"700000";NA;NA;NA;"400000";NA;NA;NA;NA;NA;4323002
"452";"VICENTEDUTRA";"RS";NA;NA;NA;NA;NA;NA;NA;NA;NA;NA;NA;NA;NA;NA;NA;NA;NA;NA;NA;NA;NA;NA;NA;"204972";4323101
"453";"VICTORGRAEFF";"RS";NA;NA;NA;NA;"50000";NA;NA;NA;"300000";NA;NA;NA;NA;NA;NA;NA;NA;NA;NA;NA;NA;NA;NA;NA;4323200
"454";"VILAFLORES";"RS";NA;NA;NA;NA;NA;NA;NA;NA;NA;NA;NA;NA;NA;NA;"400000";NA;NA;NA;NA;NA;NA;NA;NA;"384205";4323309
"455";"VILALANGARO";"RS";NA;NA;NA;NA;NA;NA;NA;NA;NA;NA;NA;NA;"200000";"50000";NA;NA;NA;NA;NA;NA;NA;NA;NA;NA;4323358
"456";"VILAMARIA";"RS";NA;NA;NA;NA;NA;NA;NA;NA;"100000";NA;NA;NA;NA;"300000";NA;NA;NA;NA;NA;NA;NA;NA;NA;NA;4323408
"457";"VILANOVADOSUL";"RS";NA;NA;NA;NA;NA;NA;NA;NA;"430000";NA;NA;NA;NA;NA;NA;NA;NA;NA;NA;NA;NA;NA;NA;NA;4323457
"458";"VISTAALEGRE";"RS";NA;NA;NA;NA;NA;NA;NA;NA;"590000";NA;NA;"422965";NA;NA;NA;NA;NA;NA;NA;NA;NA;NA;NA;"254000";4323507
"459";"VISTAGAUCHA";"RS";NA;NA;NA;NA;NA;NA;NA;NA;NA;NA;NA;NA;NA;"60000";NA;NA;NA;NA;NA;NA;NA;NA;NA;NA;4323705
"460";"VITORIADASMISSOES";"RS";NA;NA;NA;NA;NA;NA;NA;NA;NA;NA;NA;NA;NA;NA;"550000";NA;NA;NA;NA;NA;NA;NA;NA;NA;4323754
"461";"WESTFALIA";"RS";NA;NA;NA;NA;NA;NA;NA;NA;NA;NA;NA;NA;NA;NA;"350000";NA;NA;NA;NA;NA;NA;NA;NA;NA;4323770
"462";"XANGRILA";"RS";NA;NA;NA;NA;NA;NA;NA;NA;"100000";NA;NA;NA;NA;"250000";NA;NA;NA;NA;NA;NA;NA;NA;NA;NA;4323804
